author,gender
RedThunder90,0
Lirkmor,1
In0chi,0
ProjectGrudge,0
TehTurtleHermit,0
Plecter,0
Cedworth,0
WemissPluto,1
lowercasesandcapital,1
Furydwarf,0
SunnyTheodore,1
bananabombboy,0
Badmanwillis,0
jvanaus,0
crispy88,0
s460,0
tangonovember,0
James_Bomb,0
enticingasthatmaybe,0
rockchalk956,1
tabbyling,1
perpetualpenchant,1
FinnyFinFin,0
laa916,0
kronos401,0
Cunninglinguist87,1
CaptainWater,0
djmashupredsthe3rd,1
OreoOrigins,0
johnothetree,0
makohigh,0
punkwafers,0
Ljungan,0
coolkidmitch,0
Sprout3169,0
Chrisjex,0
thats_bunk,0
alfalfallama,0
rsicher1,0
jairuncaloth,0
Whakatapu,0
mighty_panders,0
Zombie_Whisperer,1
tasonjodd,1
RUistheshit,0
raidecenter,0
Keefee,0
sangam32,0
oreganoooo,0
westyfield,0
Smokeahontas,1
yaminokaabii,1
ComradeZooey,1
AnotherCrazyOne,0
zms08,0
bigloads_,0
tandeg,0
breathcomposed,1
ILove2Singa,1
ShrekthePhilosopher,0
LisaGod,1
mnmnstrd,0
FatLuv3,0
lavenderblue,1
SleepsontheGround,0
iammas13,0
Mervint,0
vuxra,0
morgannfreemann,0
Hammer38,1
futurecrazycatlady,1
pluvia,1
TheWorldIsAhead,0
Jake_25,0
mr_awesome365,0
RetroRevolutionCake,1
MAZTERAZZAZZIN7,0
myfapacc,0
jobud9,0
SteampunkMuppet,1
Lokipi,0
BillieBee,1
antisocialoctopus,0
DevilzNvrCry,0
Swanden,0
phuckz,0
amanbaby,0
timxehanort,0
misingnoglic,0
ShitzAndGiggs,0
Herr_Reese,0
xenvy04,1
fawlingandlawling,1
Last_Horizon,0
keepfighting,1
TonyMontana420,0
xakh,0
puremensan,0
vondahl,1
herps,0
cowboykillers,1
djbaker,0
craders,0
JakeArvizu,0
BroDann,0
DarthPumpkin,0
m4ck,0
ActuallyAnAlpaca,0
xGrifB52x,0
Twilight_Sparkles,0
0200008,1
RikSch,1
i_eat_chapstick,1
motorizeddustbin,1
mooli,0
choreosophical,1
shazzam6999,0
blowbroccoli,1
MotoCasey,1
The_Brutally_Honest,0
datTrooper,0
iwonderwhy1,1
Cockalorum,0
MaybeILoveYou,1
AltonBrownsBalls,0
thedarkcheese,0
msobelle,1
paintedcones,0
BurgersAndKilts,1
go4x4it,0
lmhoward726,1
BrennanDobak,0
lsharkk,1
severusssnape,1
bleedsmarinara,0
spiralcurve,0
SumoG60,0
Bombheart,1
andampersand,1
Sullivan623,0
Spudtastic,0
Makks,0
velociraptor666,0
dewprisms,1
808sAndThrowaway,0
Halfmoon11,1
mwerte,0
flclreddit,0
zhv,0
theidleidol,0
jimmysceneit,0
TheRealAcedia,0
drewleann0,1
nanoprecise,0
manofmonkey,0
Fradkov,0
joshlrogers,0
brookealoo21,1
RunsWithSporks,0
Belgara,1
Vyae,1
OperativeLoop,0
JakeMcChilders,0
damoek,0
djenge,0
MissesMayhem,1
Shannynh,1
LaserBeamsCattleProd,0
CodeName__Duchess,1
ManyDwarves,0
skyd4ddy,0
Constam,0
babyjae,1
MamieNova,0
firematt422,0
dizziik,1
ttmp22,0
The_Dacca,0
imakeladyboners,0
atheistium,1
InsaneImmortal,0
Lookdowntalkfast,0
nardawg66,0
gazork_chumble_spuzz,1
evenlesstolose,1
Thetruthtruths,0
jazi223,0
KageUnui,0
ilikecamelsalot,1
falsoitaliano,0
juskajo,0
skilimepie,1
hankofchaos,0
anihilistlol,0
bn326160,0
TheYettiMonster,0
chriszuma,0
Redvixenx,1
Bommenkop,0
BorgBorg10,0
BetterSpoken,1
tillieclaire,1
brohanski,0
GuyBanks,0
tomtom547,0
rafaelencinas94,0
Wocketsinmypockets,1
CollegeWiseSuni,0
Himalayasaurus,1
pfunkcj12,0
TheBionicAnkle,0
willpie,0
shesmadeline,1
Bodongs,0
t4nd3m,1
Fredrykh,0
G3NECIDE,0
qiv,0
Turkstache,0
walternate482,0
jrock954,0
ManiacTigris,0
forgotmythrowawaypw,1
StewHo,0
zandburger,0
bug0058,1
TheBishop7,0
alwaysasilverlining,0
KennyFuckingPowers,0
MadmanSalvo,0
asunnyday,1
kaminariko,0
wanderingstar625,1
LisFrizzle,1
Flower_Fairy,1
yuhkih,1
phidya,1
NightSoD,0
EByrne,0
Ykcin81,0
injectilio,0
strangerdanger18,0
Fleshgod,0
Shaban_srb,0
ThrowAwayBecuseFuck,0
cyranothe2nd,1
themauvestorm3,0
lolgineer,0
EwokHunter,0
jskrajci,0
Robot_Girlfriend,1
breakjaw,0
billyboydogg69,0
tbughi1,0
Canadian_Government,0
guy_fleegman,1
drmeattornado,0
covmatty1,0
redsekar,1
beckymegan,1
imnotaswede,0
SuddenlyALampPost,1
tippitytopps,0
ArnoldChase,0
I_enjoy_dinosaurs,0
JonnyAmerica,0
TheSpaghetti_Monster,0
zkkk,0
discarded_pussy,0
mtgcs2000,0
cfedey,0
GrossEwww,1
rscynn,0
nTranced,0
offxtask,0
msmkat,1
Rreptillian,0
21yovirginconfession,0
Xstream3,0
WASDx,0
lilLowerLip,0
Antr1xx,0
eriskegal,1
anferny08,0
rrrrrhey,1
i-h-o-p-ness,1
darthrevan140,0
Ara92,0
greenl1ght,0
Phistachio,0
BananasGoMoo,0
Fried_Brain,0
wpadera,0
Shitiot,0
SolidSean,0
windowpane,1
emilyla,1
Dog-Person,0
ahhh_ennui,1
shameless4evah,1
KTcube,1
Arkham19,0
IThinkImDumb,1
Mono275,0
Broadband-,0
oh-the-vogonity,1
Batman5991,0
RockabillyRebel,0
Herra_Ratatoskr,0
Alkalannar,0
BindairDondat,0
zookee,0
justy98,0
IndefinableMustache,0
MrMortis,0
Crackertron,0
dashmyparabola,0
theHBIC,1
JustSomeCollegeGuy,0
kitsandkats,1
PenguinontheTelly,0
Zippy8124,0
Paraptorkeet,0
merp1991,0
Moonblossom,1
Symposiarch,1
metorical,0
Owadatsumi,0
GoodMenDontNeedRules,0
The_One_Who_Rides,0
hammmy_sammmy,1
kanpai_slainte,1
CheySeeYou,1
enclave911,0
senorsanchez1,0
Chexytime,1
alligator-taffy,1
wander7,0
lucybluth,1
Dances_in_the_rain,0
WrathMatician,1
bardobill,0
jogajaja,1
FlobeeWanKenobee,0
ajdeemo,0
Cocofang,0
BABY_SHARKS,1
lightningrod14,0
chandelmetcalf,1
Heelincal,0
GlassesAndGloss,1
MeowMixExpress,0
IKissedAMagikarp,1
siniminstx,1
bones_tle,0
Enterice,0
ImAwesomeThanks,0
aggressive_silence,1
russian_withcats,1
pistachionut,0
robertmapplethorpes,1
Danielcdo,0
MarcCz,0
draconic86,0
AKA_Sotof,0
jdetruis,0
Steel_Pump_Gorilla,0
kilgore_trout8989,0
Barge108,0
Firewasp987,0
SelectCase,0
nwlsinz,0
SlugJunior,0
lyssalyssalyssa,1
GetStapled,0
amnesiasoft,0
effyourredditbday,1
dddamnsonnn,1
EggsBenedictArnold,0
pocketboy,0
LeighTard,1
The_White_Baron,0
satanic_waffles,0
windjackass,0
TastycakesLol,0
Deezl-Vegas,0
AmericanSchweiz,0
Kongsberg,0
userexec,0
TheLonelyBrit,0
Monarchy44,0
Little_Jerry,0
Kanosauras,0
26thandsouth,0
RichAfterTaxes,0
prettyhow,1
pragmatica_,1
SCarverOrne,0
ardenbucket,1
nitrous2401,0
jamdaman,0
High_Five_______SIKE,0
amaru1572,0
exitingcarisfail,1
CalmTheHellDown,0
nutrecht,0
sorry_i_cant_lie,0
drchimpansee,0
dr_marvel2040,0
fancybearshaveclass,1
customcharacter,0
charmlikeagypsy,1
Braincloud,1
seascontrol,1
Gebbeth,0
enano9314,0
Rickster2493,0
ScaryBacon,0
MrBullCrap,0
Benda,0
bunkymutt,1
aliceness,1
Nine_Mazes,0
chiry23,0
xxhamudxx,0
Lunchbox_Sweets,1
DrPepperHelp,0
ndiin,0
ece_nerd,0
SkylineDrive,1
Largegoron,0
lifeinblackandred,0
Hollywood366,0
L1M3,0
Conor-of-house-umber,0
deathadder99,0
gingercyanide,1
Totemsrus,0
gypsiequeen,1
Cavemanhero,0
RotatorX,0
songbird0519,1
sydeshow,0
zoeypi314,1
not_a_name_,0
SwatchVineyard,1
clockworkgirl21,1
rogalski93,0
Maddaroo,1
Toeclippers,0
hazza3142,0
The_D0ctah,0
krskykrsk,0
Danosoprano,0
Fuckthisfuckyoumothe,0
JiveMonkee69,0
Ursolon,0
DeusExMachina95,0
gluggerwastaken,0
SpYf3R,0
manf0712,0
kornberg,1
notthecolorblue,0
that_car_girl,1
NotAModerator,0
Gianlel,0
60244089059540804172,1
19941611811914919,1
vasovagalprincess,1
thesoundoholic,1
Pyromoose,0
Jamie_,1
evilbit,0
audreyality,1
OhBoyPizzaTime,0
MidasTGolden,0
salamander5678,0
Tall_White_Boy,0
BadgerWilson,0
ObsidianOne,0
23skiddsy,1
WadeAnthony,0
octopushug,1
walshy024,0
klingbolt,0
dergrioenhousen,0
MGUPPY,0
drieszz,0
Vorsa,0
superdan267,0
gnarcissus,0
Hell_of_Kitties,1
JokesOver13,0
perryw,0
lalimalina,1
thefatpig,0
notlindseydalton,1
sunorshine,1
0xJRS,0
nomnomchikhan,1
ninjaW1THglasses,0
AussieApathy,0
bessaai,0
dressup,1
braydenlarwill,0
TokyoFire,0
ProbablNotMyRealName,0
stephanie_tanner,1
RIPelliott,0
SirHoneyDip,0
DanielP123,0
lemon_jello,1
Henzinater516,0
WGMindless,0
Floppyboobsack,1
methodin,0
warmly,1
connosaurus,0
faustianredditor,0
triggerhappytonic,0
MajikPwnE,0
suaviloquent,0
rocky1rocky2,0
half_lurker,0
Slntrob,0
nxqv,0
Emnight,0
drunkenbozo,0
Calgar43,0
lloyd6077,0
DZAST3R,0
Dead_End_Street,0
newUsername2,0
nomansapenguin,0
chibistarship,1
DrainBamage,0
NotADoctor-Yet,1
Cypherius,0
t0talnonsense,0
baltasaro,0
synchrony_in_entropy,0
MrBungalo,0
Macaronselle,1
TotesCray,1
trapped_in_jonhamm,0
anonymousalex,1
B0bL0blawsLawBl0g,0
Drewie64,0
rustinhieber42,0
steightst8,0
roadbratt,0
Jesus_Shaves_,0
6576125,0
NstantKlassik,0
JZerner,0
SasquatchIsACoolDude,0
MorticiansFlame,0
thesilvertongue,1
PlayingForTheShirt,0
Crydebris,0
TJerky,0
ShoulderSquire,0
Meegerzeb,1
lost2darkness,1
masc_ara,1
pvtparts,0
cam94509,1
CookieTheDog,1
allfiredup,1
rumdrools,0
sparklekitteh,1
SmashesIt,0
karmapilot,0
Hnussi,0
Jynweythekylow,1
PEGZALOT,0
techlos,1
Peace_Unleashed,0
bloop24,0
Twiggy3,0
aerostella,1
sheldlord,0
Cardboard_Boxer,1
TwinkleTard,0
joshgrami,0
Forest_reader,0
letsgoflyers81,0
ABKC,0
PraytoAres,0
mczbot,0
dec2013,0
SingleMaltDude,0
audhumbla,0
brokenmatch,1
JustMoose,0
mumsteady24,0
ImJoeAF_,0
DrJubalHarshaw,0
esh-esh,0
Its_over,0
DickTrickl,0
rowdygentleman,0
Sen0r_Cardgage,0
uhhnon,0
FlashGordon5272,0
kitanne,1
infinite_limits,1
Not_Han_Solo,0
PeeringIntoTheAbyss,0
pleaseplaywme,1
drbob27,0
intergy,0
fortif,0
Apocrypha,0
Novazilla,0
MissWatson,0
racedeno,0
HerroDair,0
Lovesbrownies,0
blorgensplor,0
sacklunchnoms,0
Buck_i_Am,0
nakedladies,0
lcr68,0
thebugjim,0
Deathdoll,1
rwheeler720,1
Bl00death,1
Silentfart,0
JOlsen77,0
Blindocide,0
Smirra,0
Hangst,0
xm03,0
satyress,1
pandapolarbear,1
stomash,0
GeneralShivers,1
Drummerkid918,0
onefifthavenue,1
lurker6412,0
Perspective133,0
SilentLettersSuck,0
eetsumkaus,0
llamasrus,1
cptartschool,0
laela_says,0
Hambrienta,1
KinesisT,0
andimichii,1
ozzimark,0
Cocoa121,0
rasa1,0
Lizard-Rock,0
No-Mr-No-Here,0
Fabulous_Hooligan,0
MikeDSNY,0
frostedreign,0
ecuadorky,0
itrivers,0
D4rthLink,0
gritli,1
herinapotter,1
jacobtf,0
chelseachelseachels,1
DrGrizzley,0
drjellyninja,0
andadobeslabs,1
creep_nu,0
allp17,0
megachicken289,0
squirrel-bait,1
Wartt_Hog,0
kli53,1
howoriginal4532,0
VaginaFungus,1
tekai,0
CycloneCowgirl,1
Lucifirius,0
Easily_Please_d,0
bestkoolguyaround,0
tomthelevator,0
digitalfruit,0
morbiusgreen,0
Dovahkiin42,0
The104Skinney,0
DrAwkward_IV,0
checktesta,0
gr_99,0
swesera,0
Man_eatah,1
StankyMung,0
abeaguilar,0
Project_Brundlefly,0
kbizzleable,0
TopRattata,1
pinkcultleader,1
maidenlush,1
BachStrad700,0
devilishlyhomely,0
creepmouse,1
stelladoll,1
JiB2013,0
TheOcarinaGuy,0
rinova,1
AnswerDog,1
futurepres,0
Danyn,0
MissAtomic,1
wnbaloll,0
yellow07,1
SnappleBack,0
UDT22,0
Imazushi,0
infectmadagascar,1
ntgv,0
hide_and_speak,1
broadwayliv,1
lorelei_,0
Pman318,0
Malsententia,0
Marilolli,1
donknotts,1
FlamingTomygun2,0
fuct_up_penguin,0
trafficsigned,1
thattallgirl13,1
DeRanjed,0
Apex4,0
shailana,1
Avelaide,1
pear_to_pear,0
BuryingLuck,0
legoons,1
memarianomusic,0
lazybarista,1
powerkick,1
LaughingTrees,0
hockeytownjk,0
AsherMaximum,0
AzureSkittle,0
mattelder,0
WatermelonDestroyer,1
DaPeanutButter,0
cr42,0
therearesomanyofus,1
chjones994,0
LilGriff,0
DreadfulRauw,0
rmigz,0
OutRange,0
DrGunsMcBadass,0
Ignaddio,0
UndiscoveredColors,0
AngrryScientist,1
sofiasophia,1
Ccracked,0
Zeydon,0
_brightfalls,1
TheDoodLbot,1
LearnedHoof,0
RandomActsofAng,1
undreamt_odds,0
overratio,0
Pandantica,1
jawookie,0
greeklemoncake,0
Buggarz,0
PenguinCowboy,0
sir_snow,0
FeatherDie,1
skeelak,0
lieagle,0
SteinbergMoneybags,0
arretez1512,0
n8brophy,0
riffraffmcgraff,0
AverageTheJam,0
belril,0
thrwaway57,1
spinsurgeon,0
koalasnail,1
DoodManBro,0
Imatallguy,0
waldito,0
fuckeverything_,0
MuffinSnatcher14,0
minminkitten,1
TheDutchin,0
gneiss_cleavage,0
nottheprimeminister,0
MissC_9227,1
ceffaroo,1
bballerfil,0
gatorbait4,0
ScribbleMeNot,0
vetteboy,0
TheMelroseDiner,0
torrentialtomato,0
0urlittlesecret,0
Yex00,0
ex_temporaneous,1
mitchbones,0
Conquerz,0
serenerdy,1
SummerShandy24,1
stopps,1
bigtcm,0
jahoolopy,1
SilentBounty,0
HelloEnjoi,0
CantWearHats,0
Telephonedial,0
lazermike,0
Nyly,0
WTFisBehindYou,0
TurboAcid,0
Blaeed,0
Kisalyn,1
Sneakas,0
kawl,0
ladecima,1
tandem7,1
TheGuyBehindVons,0
SilentWorlder,0
NinjaPoolParty,0
DoitforJohnny,0
Cunt_Puffin,0
torolix,0
EHEC,0
BCsJonathanTM,0
Oculus_Mortis,0
unclelimpy,0
fauxkaren,1
motiv8ion,0
Hatstrap,0
Shitfuck2,0
Solidito,0
bbeltjer,0
NuttyRice,1
lukewarmpork,0
socalgrrl,1
g0ldent0y,1
JDC4654,0
racheliskindofcool,1
Mouuse97,0
Norimw,1
CrabgrassMike,0
Juice_Box999,0
greatgreatgreatgreat,1
luluxkuku,1
notaleclively,0
PunxsatownyPhil,0
ceralyn,1
GoForMro,0
roxven,0
Cerberus150,0
TehCourtJester,0
LDiabolo,0
faeryjessa,1
chase348,0
laaabaseball,0
toughbutworthit,0
tohon75,0
iprobablyshouldntve,1
Miss_anthropyy,1
saxhero93,0
Kazaril,0
The_Abjectator,0
Creepzoida,1
WordsInGasoline,0
AAngryBlackman,0
basedjesusOG,0
sithinthesheets,1
lenush,1
fr1ction,0
aunt_snorlax,1
ziggy2944490,0
Shonze,0
terraping,1
TheLittleGoat,0
itsjusttoored,0
dat_hamburglar,0
erhardt,0
missreah,1
Dystaxia,0
werschaf,1
TallGuitarDaniel,0
pullonyourfeet,1
dancingrock,0
Staple_Stable,0
DingoScallion,0
Gonewildguy9964,0
1482,0
cedoxi,0
orthicon,0
tomjerrycody,0
Joseph_KP,0
johnny_appletits,0
TheyKilledKenni,1
RufusBartholomew,0
ColonelButterscotch,1
yogoloprime,0
isthiswitty,1
shrimpy8p,1
pchc_lx,0
KenuR,0
nkenbo,0
StarHeadedCrab,0
queenofanavia,1
N4n45h1,0
chisholmmmmm,0
cmjot,1
DaPatcho,0
rassae,1
idgafos14,1
openbluefish,0
tiny_human,1
binge90,0
skivian,0
cyxel,1
dabisnit,0
Cocoa_Hancock,0
scrappylittlenugget,1
YungPinecone,0
Caringforarobot,0
Kersu,1
Estre,1
pjmccartney,0
yagi_takeru,1
Noregs,1
skgoa,0
Natla,1
thetravisnewton,0
cheald,0
Sayse,0
unSeenima,0
Unicornrows,0
Calvinbah,0
ajslater,0
IronRabbit69,0
sweetreptoidjesus,0
MY_NAMES_ARE_TOO_LON,0
Heterosexual_OP,0
EPIDIDYMIS_HUMMUS,0
rbaltimore,1
BorMato,0
Cerulean35,0
zhanae,1
kev92685,0
ckalvin,0
Grantosaurus,0
lex4rent,1
masturbateawy,1
TheIcelandicPuffin,0
RBGolbat,0
SequenceofLetters,1
RevlisNDlog,1
hardcorelegend43,0
uhleckseee,1
PrehistoricDictator,0
FedUpWithThisWurld,0
Poiar,0
__jfree,0
Pyro62S,0
NoooUGH,0
bronchiosaurus,0
mr1337,0
jmf101,0
TophersGopher,0
MarmaladeChainsaw,0
djlspider,0
nebelhund,0
Super901,0
Pretigee,1
12013177,0
lasagnaman,0
ssjAWSUM,0
thecommentisbelow,0
loganwaters,0
ThisUnitHasASoul,0
beanfilledwhackbonk,0
doneitnow,0
madametaylor,1
meg4pico,1
FuckESPN,0
use_your_shoe,0
username_taken_rage,0
mushroomfather,1
kowalski71,0
qqwasd,0
bingcognito,0
kikibozu,1
Sequoyah,0
RhomboidStorm,0
UnrealBlitZ,0
semen_slurper,1
Starshield101,0
Zalbu,0
hesapmakinesi,0
TesterExp345,0
Crapping_Silently,0
AndyNemmity,0
bmitrano825,0
McD419,0
Vinyl96,1
thefoolishking,0
averge,1
JessLexis,1
OctaviusC,0
flocosix,0
carnageincminor,1
BigmanOC31,0
postExistence,0
Cleavus,0
ryansmith18,0
thegabster2000,1
pompous_ass_captain,0
coaxil,0
IrkenInvaderGir,0
Takai_Sensei,0
OlMacDean,0
Ausei,0
ThatCrankyGuy,1
kkjdroid,0
Pianolust,0
user_naem,0
Hexxen,0
manu_facere,0
Almondcoconuts,0
Praise_da_lawd,0
mooenz,1
zeMouse,1
IWishIWereFishing,0
ClairlyBrite,1
QuestchonAskor,0
dvs-hillbilly,0
thePowerW,0
k3rnelpanic,0
zanga25,0
msinf_738,0
mikmaqmastermind,0
austinbucco,0
tightlikehallways,0
AlpacasArentLlamas,1
muffinssi,1
flyingbarbershopper,0
CalmAndClueless,0
alexjpg,1
AdventureJake,0
YarLady,1
fausto240,0
Here_come_the_123s,1
Stevenchi36,0
Sana504,1
Jdban,0
Baby_Lika,1
dayofchaos99,0
th3cavalry,0
CptnAwesom3,0
Wardenclyffe56,0
SeedsOfDoubt,0
nethyr,0
Yahbo,0
bortkasta,0
Ancientson88,0
an_epsilon-plus,0
RileyCola,0
SentientBagOfWater,0
Mr_YUP,0
ElHegemon,0
gnarwhalrus_,1
TheeLinker,0
travelinghobbit,1
thecleanestfish,0
lovelymouse,1
YourAsianBuddy,0
Skenney,0
Chibijeca,1
daxorion27,0
pamplemus,1
I_am_chris_dorner,0
Vulfmeister,0
marinersalbatross,0
ReverendDexter,0
Genticles,0
Rayquaza2233,0
shiv4m,0
SirTechDiff,0
mmmmdumplings,0
Brewhahaha,0
Walleh,0
linuxlass,1
GuyWhoLikesHats,0
johnl0st,0
plutonn,0
CrookedSprite,1
the__Real_SlimShady,1
HoffmanMyster,0
chucatawa,0
Harbinger-of,0
NotClintDempsey,0
rightorinthewrong,1
foreveralone323,1
Samoh,0
Dr_vIQtor,0
Theeunknown,0
metamongoose,0
lalaface,1
Aory,0
wankersntwats,0
Cyfun06,0
CrankyTank,0
beigelightning,0
behindtimes,0
Sherm,0
wallawalla_wallaby,1
cupcakesandkoalas,1
Saybyetotheaccount,1
cluberti,0
KraVok,0
Mahler5,0
xgoggsx,0
nesfor,1
Essential123,0
MiscEllaneous_23,0
TastyRemnent,0
flyingyume,1
Bradburn777,0
dicksalsa,1
JazzHandsJames,0
igotsacomputer,0
googoogjew,0
sublimeskank,1
lordkabab,0
Bozmak,0
ceeflynn,0
Akiake,0
marmaladeskiiies,1
Gidofalouse,1
RussDaBus,0
Ulterior_Signs,0
Madame-Ovaries,1
astrawnomore,0
course_correction,0
Rampage771,0
Beefyvagina,0
jkerman,0
vmenge,0
Bionic_Pickle,0
TheBobTalbot,0
kbubbles88,1
nubosis,0
herbiclorine,0
Dasweb,0
noons7,0
andreasjd,0
TallBill,0
scannerJoe,0
pinkpinballmagic,1
DrTinyCat,1
Justvotingupordown,0
lubeinatube,0
brandonterwilliger,0
giraffelephant,1
Narvaez,0
ScottieWP,0
brightsizedlife,0
Fenzik,0
babuchas,0
cliffieclavin,0
Teeeeeemu,0
77Columbus,0
girlchrisesq,1
2damsels1chalice,0
TheLemans,0
_Muddy,0
-rubiks,1
Brawny_Ginger,0
Ctxmetal95,0
mex_rigel91,0
Blondiepicklez,1
Gaasuba,1
Kreivi,0
Seattlelite84,0
semioriginality,0
box_frenzy,1
aphexmandelbrot,0
Owlie,1
Ratjar142,0
Crocs_with_socks,1
an8note,1
blueshiftlabs,0
laurenceandglaciers,0
MyOwnGraniteStone,0
Alvi12,0
MrS3H3,0
YOU_ARE_A_TOY,1
d4rock,0
Portinski,0
coffeeandbud,1
Fangsnuzzles,1
etgggg,0
Duck_Expert,0
Law08,0
Lukasek97,0
dkesh,0
SwtSthrnBelle,1
Edgar_Allan_Rich,0
ultrapampers,0
smoothcam72,0
grumble666pigskins,1
Myuym,0
jrod61,0
unafragger,0
Roobinsky,0
lizzywithfire,1
thundersr00k,1
suxer,0
Puttles,0
flipzmode,0
eurephys,1
they_call_me_hey_you,0
AlfredHawthorneHill,0
asianauthenticity,1
banebridge,0
Jorup,0
jackrunbackwards,0
gizmo1411,0
NoAnalHere,1
TFiOS,0
POGtastic,0
Zenai,0
ShredDurst,0
Neebat,0
Sic_Em,0
simonjp,0
Nebulaeyes,1
ProjectOXCART,0
aufwachen,1
supmyman7,0
account_is_deleted,0
Armitando,0
Lamadian,0
Pupsiii,0
Mattis4000,0
kongzilla,0
sperm_jammies,0
cm64,0
scooper1030,0
hungryhungryhobo,0
cannabisgrower,0
omgitsbigbear,0
libraryhobbit,1
rocky7106,0
Biscuit180,0
Lion_HeartVIII,0
Zacharey01,0
hot_to_the_touch,0
SenorBuckets,0
RavinOrville,1
Emnems,1
michaelcainecocaine,1
earthtokhaleesi,1
Inspectrgadget,0
Kalivha,1
McBugger,0
doddzy1991,1
soldierspoem,1
speedracer375,0
teralaser,0
collegefilm101,0
thisiswhyimbored,0
iamtheonewhotokes,0
boxotimbits,0
The_Shrimp52,0
wehaveadreamer,1
grumpywumps,1
sexrelatedqa,0
senik,0
ftpguy,0
Jewpanese,0
Sapphire-eyes,1
femystique,1
AnOrphanChild,0
epichotcheese,0
Evolvation,0
Spidertech500,0
sweetpea122,1
blueskin,0
technicklee,0
i_am_gingercus,1
vehementvelociraptor,0
thomas1to,0
betnhe,1
egcharood51,1
tzrune,0
Super_Ginge,0
bonestein,0
amped393,0
enfermedad,1
Poodlesprout,1
cycophuk,0
Mistahspock,0
SkyB4se,0
Lithirm,0
zorro50,0
OrcaSong,0
ZirkMcT,0
titillated,1
A_druggies_drawing,0
bananaruth,1
Drumchamp,0
daisyismydog,1
SirGoom,0
falloutgoy,1
WhornyNarwhal,0
AnDyzZzoRe,0
Davey_Jones_Locker,0
compassion1st,0
georgewchubby,0
jpieples,0
wp1218,0
grayleikus,1
xicehawk,0
iwantbeerrightmeow,1
katerific,1
msnc13,0
SouthernComfortable,0
Tigerlax,0
PM_me_yo__BOOBIES,0
fumor,0
Sand_isOverrated,0
godspeedmetal,0
sunderella,1
Manliest,0
AGayViking,0
wolf2787,0
Rkar,0
NotSquareGarden,1
Burgisio,0
RealSockPuppet,0
rotundd,1
tronickus,0
Strayl1ght,0
sarsbran,1
lazar7797,0
PrinceJonn,0
ScrollButtons,1
MissesDreadful,1
GrouchyMcSurly,0
Taggiore_Wentlebrau,0
quaternion,0
dirtyewok,0
BrightFocus,1
dak47922,0
ImmaSmangIt,0
Sexual_Man_Chocolate,0
Tharkun,0
j-man1992,0
courierblue,1
_purplecats01,1
ohyayitstrey,0
thecatteam,1
goldy_locks,1
goshy900,0
Chenge14,0
the-way,1
havoc3d,0
JewSmurf,0
dakari84,1
Freecandyhere,1
ultimate_ging,1
WaterFungus,0
Snipers_kanga_wife,0
CGStaples,0
sam_hammich,0
FibbleDeFlooke,0
BlueEyedFairy,1
Sir-douche-a-lot,0
Otacrow,0
kungtotte,0
trolledbytech,0
heres_one_for_ya,0
Indras1,0
OfThriceAndTen,0
WhiteGrapeGames,0
Jubjubs,0
thebraveheartknight,0
aDDnTN,0
FrightenedOfSpoons,0
johnhoeangg,0
salami_inferno,0
mechacrab,0
Gapinthesidewalk,0
omfgcheesecake,1
Microdoted,0
traceyh415,1
UrUntouchableFace,1
clauderamey,0
nightpoo,1
wxns,0
sakurarose,1
CalamityVic,0
Boxes12,0
superspeck,0
SimpleGeologist,0
no_real_username,0
faintpremonition,0
deerrific,1
cata_tonic,1
PauletteBunyan,1
travelingmama,1
fruitjerky,1
RastafariPanda,0
dragongrl,1
Woolpack,1
toffee_coffee,1
BlackDante,0
badmotherfuhrer,0
elduderino260,0
Cloptonius,0
wookieeguy,0
Bananaguacamole,0
Flo93,0
averedge,0
t-bass,0
nanapuss,0
cptn_garlock,0
Learjet45dream,0
mistermaglumpher,0
MentalOriental,0
VeryFrank,0
latkahgravis,0
sfttac,0
yellowduckie_21,1
Hank_Scorpio_77,0
thecapitalc,0
Sideroller,0
redyellowand,1
xtphr,0
Their_bad_spellers,0
NotFromMumbai,0
Eliasoz,0
Goofynator,0
irishdave1,0
Alteriorid,0
snorting_dandelions,0
Xilliah,0
pUmKinBoM,0
sampants23,1
MCbadgenius,0
caseyls,0
duckduck_goose,1
Cpt_Awesome_Guy,0
GingerHitlerUnicorn,0
emptyRR,0
kingtigerii,0
ezinc,0
kyndle,1
Kuonji,0
RandomRageNet,0
Hellraizerbot,0
ShreddedWheat,0
LessieHippopotamus,0
DuJuanAndOnly,0
versusChou,0
winterMission,0
comefullcircle,0
evilscott,0
swareonmemum,1
GotNoms,0
tenbanana,0
Hetrotetro,0
wishmylifewasascool,0
lucidaffection,1
tofujofu,1
swanpenguin,0
ProjectDirectory,0
egres96,0
DoS_,0
superbhappy7,0
meltingintoice,0
Cuuuuubed,0
Chap82,0
Zoneghost,0
JoseWolf32,0
chronsfw,0
blackseaoftrees,0
DaedricGod101,0
billythegreat1,0
niamhellen,1
jkorms,0
PlayTheBanjo,0
rebeccab93,1
WalkThisWhey,0
PatrickKaneAndAbel,0
Ludaplex,0
KyubiNoKitsune,1
2wheelsgood,0
Frying,0
TaylorisaPanda,1
MattinatorHax,0
chordial,0
imnewsogoeasy,0
Tawaxyon,0
McPhatiusJackson,0
Beersaround,0
MasterDignam,0
a_caidan_abroad,1
PixieSchtick,0
Mandreotti,0
confundo,1
thats_ridiculous,1
joerobo,0
ZombieDoakes,1
chevelle1258,0
bella20102,1
kaythxbai,0
FewRevelations,1
cupcakesteal,1
hotchrisbfries,0
Bgro,0
TheGuyNL,0
roddymcrodrod,0
madisonsites,1
flatox,0
TK_422,0
Raktoras,0
New_Shooz,1
alphabetfood,0
XBahamutZERO,0
dowilcox,0
MasonJarTeaDrinker,0
ihappened,1
Spaceomega,0
alwaysthequiet,0
FolarinMask,0
Thunder102,0
DaddyTaco,0
im_eh_Canadian,0
big_screaming_fish,0
criti_biti,1
thevernabean,1
MyEagerBeaver,0
Poxx,0
Fiddlefly,0
ogncud,0
snowxprincess,1
BonzoTheBoss,0
17to85,0
Skellum,0
Aurora_B,1
Adam_Im_Madam,1
Kriegsmarin,0
J2Me,0
mancl692,0
TorpedoBench,0
NiceGuyNate,0
troutfanatic,0
StickmanPirate,0
DivineIntervention,0
PrometheusGXX,0
sw497,0
Richie311,0
hawkedriot,1
Slivias19,0
ikoner,0
Gnill,0
neoman4426,0
BadVogonPoet,1
MrDuck,0
leo96,0
breawycker,0
arthousedirector,0
krishthefish,0
cssher,0
onewordmemory,0
MeUpvotesta,0
titsmcfly,1
utahbutimtaller,0
mynamespaghetti,1
hersheyboo03,1
lutzj,0
yvonnemadison,1
Expired_Bacon,0
BurnOut91,0
crunchy1992,0
jeweledtree,1
semicolonsonfire,1
nofeelingsnoceilings,1
Bilgistic,0
nyx1234,1
BLKTSTC,0
Blizzzzz,0
palapiku,0
effyryan,1
meinherzbrennt42,0
RussellG2000,0
telebision,0
-Peeter,0
threefourtime,1
JF425,0
Finglenater,1
Balian84,1
RapturedLove,0
Jimbabwe,0
jgarbers,0
Modron,1
ConnorTheRed,0
atiredsmile,0
band-of-liars,0
handofblood,0
abigail_froman,1
standtall725,1
NzLawless,0
RedDog8,0
Cerce_Tentones,0
TronCorleone,0
sydneycarton,0
stahpgoaway,1
zoidberg3000,1
vulgarwanderer,1
Maverick1353,0
bakerofroast,0
LoveMeSomeBBW,0
talizorahNR,1
PracticalDemonkeepin,0
oookayla,1
Jrbiggz37,1
ThatOnePilot,0
FreshBoyChris,0
Aprikoat,0
try_and_stop_me,1
Biggalonius,0
Bellman_and_Smith,0
Lithium03,0
ManicLord,0
Angry_Apollo,0
JustBlazedNYC,0
whorseyouwroteidon,1
gimmecoffeee,1
sipoloco,0
liudacris804,1
Iamareformedbanana,0
Ballsey,0
TonyDarko,0
DreadedKanuk,0
Jakooboo,0
InvisibleButtVampire,0
cardboardtube_knight,0
orangebot,0
predalienmack,0
RustyPipes,0
noncenonsense,0
3yellowcats,1
kodiakinc,0
KennyLovesYou,0
hamsterrified,1
gothiclgal,1
farfromhome9,1
Oneill95,0
theoldfamiliarsting,0
Medijoke,0
HHSHawx,0
mastersprinkles,0
InMyInfancy,0
marakapibara,1
Jakerop,0
Sandman1031,0
2012ctsv,0
saratonin84,1
C_Eberhard,1
doubledecker73,0
dpear,0
KarmanautsMum,0
Mr_Dr_Prof_Derp,0
BillygotTalent,0
spyro86,0
Alion86,0
GoldReaper,0
GoodGuyOmar,0
DinoChick,1
Ghettowarlock,1
vallary,1
Basilgate,0
Omi06,0
In_a_british_voice,0
S-Flo,0
deathsmaash,0
Chalifouxable,0
mystery79,1
gnusounduave,0
TomBosleyExp,0
ChesterJester11,0
favor3,1
UP_BO_AT_S,1
s1295,0
imu96,0
dongiaconia,0
talman_au,0
Lucindana,1
freezenHere,1
Vinnie_Vegas,0
joker_of_the_deck,0
Furniss8u,0
thefztv,0
pingosaur,0
OuiNon,0
themandarin,0
Sloth_Brotherhood,0
Tungsten7,0
cbarrett1989,0
Killerbunny123,1
matlaz423,0
xerofailgames,0
milkymoocowmoo,0
SarahDawn1,1
GlenC0co,1
Space_Prophet,0
SeaGee,0
tsaven,0
ThereIsAThingForThat,0
From_Mtl,0
Durinthal,0
jfdm,0
ilikecigarettes,0
neil_ellwood,0
Oskachu,0
zeroes_and_ones,0
muffcheese,0
Puddums,0
discofreak,0
Gl33m,0
jhewat26,0
trisight,0
pizzlethizzle,0
Daxxtah,0
CAxVIPER,0
dinosauru,1
mathiasjk,0
S7evyn,1
majesticlavalamp,1
Phaedrus49er,0
nowseekingsomething,1
Maj_LeeAwesome,0
undervannsjeger,0
Traveshamockery27,0
youcancallmehan,1
satinbirdy,1
MaddeningDisdain,0
dada_pants,1
sososleepy,0
blueb34r,0
N03y3D33R,0
flubio123,0
na_7700,0
tlf9888,1
theo13,0
racamonkey,0
partspace,1
Verathegun,1
pcopley,0
Rainbow_Yo-Yo,0
Stellefeder,1
i_no_like_u,0
Xcalibershard,0
GrnTiger08,0
ChocolateJigglypuffs,0
superhys,0
im-not-a-hipster,0
therealestyeti,0
Texas_Giant,0
Hazlzz,0
DieZweiLustigenDrei,0
oer6000,0
mattXIX,0
Thornnuminous,1
jalkloben,0
Furiouschipmunk,0
PRIV00,0
ARGYLE_NIGGLET,1
underwriter,0
euyis,0
zarook,1
YellowSharkMT,0
dmsjr12,0
LucasTrask,0
sityourwhoreassdown,1
ohwowgosh,1
TuberculosisAZ,0
consomme,1
XxCetixFirexX,1
jackshepardlives,0
WeWillTakeThat,0
MrLinderman,0
coinstarchange,0
pikay93,0
X-Scape,0
Basic_,0
Kilokitty,1
AtomicMothy,1
NeetSnoh,0
danimalxX,1
ZeTeslaCat,1
seacomet,0
raseyasriem,1
afropat,0
HollySparks,1
ppity,0
AShiftInOrbit,0
OttomanRose,1
MidniteLark,1
Mackilroy,0
ocient,0
Gunungjati,0
funfungiguy,0
jonny0882,0
ajohns95616,0
ZendegiNamazi,0
kissacupcake,1
MoonPenatrator,0
Flynnbobsled,0
drewnonumber,0
TalmadgeMcGooliger,1
cosalich,0
Xinasha,0
_Ariados,0
ga4a89,0
FlyingSagittarius,0
razdak,0
mingolando,1
DarthLolita,1
psilontech,0
LaCampesina,1
Marlow5150,0
selsewon,0
Tokyocheesesteak,0
metekillot,0
hurpederp,0
rwg,0
playfulbanana,0
red4904,0
Fivestarlesson,0
beccasaur,1
ailorn,1
baberonies,1
HawkeyeGK,0
TG716,0
CaptainSugartits,1
jewdea,1
Meltingteeth,0
ktowne,0
VienneseCrispyFish,0
zombie_cupcakes,1
sno_so_pro,0
mrmaxedtank,0
QuintessentialNerd,0
whataloadofwhat,0
only_a_name,1
Donky_Kong,0
Ehejav,0
Crumbford,0
gonesnake,0
maexleb,0
DuckfatPopcorn,1
TigerLily1,1
Kanadier,0
drphilthay,0
Cyberboss_JHCB,0
dreadpiratehobbit,0
Dabookitty,0
Jasboh,0
PumkinSmasher,0
Corvus489,0
pitachitah,1
friskyspatula,0
QuietGiant6ft8,0
Stink_agian,0
ArtistSchmartist,0
WormTickle,1
zebrakitty1,0
rotallytad,0
Abby01010,1
GrimThursday,0
KabootleNietzsche,0
VesperGloaming,1
TehPashingMumpkins,0
Sung-gil,0
Fluttershyhoof,1
ikkleste,0
jayyyyyyyyyy,0
whengarble,0
tylermenezes,0
Taemgas,0
ImmaRussian,0
should_b_workin,0
AwesomeLandia,1
lchamp67,1
wordswench,1
Chionophile,1
Strange_July,1
TankCommando,0
jujulaboo,1
TheAlphaRanger,0
slavik262,0
ZeeX10,0
ss15,0
CharizardPointer,0
7-SE7EN-7,0
daymankarate,0
HsNmIsRbrtPlsn,0
John_P_Hackworth,0
oinkyy,1
baturkey,0
bluemania,0
Albetrois,0
DomJudex,0
Jacked-T,0
TuppyHole,0
pyjamaparts,1
Slasha26,0
KindaSmekt,0
laxincat11,0
paintin_closets,0
CancerSexWithLana,0
deltaroyale,0
apoostasia,1
MaxPir,0
ladymolotov,1
Taytayflan,0
carol9a,1
hippiemachine,1
h3xtEr,0
TheEastyE,0
katzenrubbler,0
sjhesketh,0
ginjaninja3223,0
thisgameissoreal,0
Malphael,0
vinogradov,0
MatthewGill,0
myrrh09,0
omfg_the_lings,0
spicealicious,1
temp9876,1
SubBridgeDweller,0
fs616,0
hatgirlstargazer,1
tame_the_curly_beast,0
Slasher12345678,0
jacobw4473,0
turbotong,0
BiggiusChippius,0
Wes1180,0
GloriousDistortions,1
hi_i_am_bob2,0
waitingforjune,0
tachioma,0
GoChiefs,0
vanessss4,1
scottious,0
ttoommtt,0
samwyse,0
EmergencyTaco,0
Puck0714,1
timidwildone,1
theorganicpanic,0
theskett,0
RED_SILDER,0
Asmodoues,0
thedictatorscut,1
92MsNeverGoHungry,0
awallie3699,1
1995C220,0
eaterofwisdom,0
mrmmmmm,0
Bugseye,0
FFFaux,0
johnnytightlips2,0
PootisMan,0
chargerz4life,0
LadyMoonstone,1
Qieth,0
crinkletart,0
Nigel_Vertigo,0
Lendro,0
katacarbix,0
gtalley10,0
Rebelfish,0
Frisbeeman,0
therealskinner,0
tensor_every_day,0
crowshow,1
-Jared,0
nickmista,0
Wherearemylegs,0
hylandw,0
Undercoverwd,1
MorallyBankrupt,0
IOIM,1
bringyouralibis,1
clara1408,1
Beholdereye,0
DoctorDM,0
Satafly,0
xTLWz,0
fiercedeity05,0
oceanman97,0
jetersauce,0
hctiwsblade13,0
ArchHero,1
ProtoKun7,0
JG-Wentworth-,0
paalmsread,0
Viatus,0
Rhodechill,0
phreakboy,0
humandustbin,1
3gcb,0
imfreakinouthere,0
cmjackman,1
spurscanada,0
krez1,1
YznovSprinkles,1
thediffrence,0
Jeikuu,0
CWBB,0
OnceInARow,1
DJFlipflop,0
greenwinghero,0
jstarlee,0
ThatGuyWhoIsOnReddit,0
Dbfutral,0
Mindgate,0
Oddgenetix,0
LordzOfChaos,0
HPatternHero,0
biffysmalls,0
Fran-Fran,1
OldIsTheNewYoung,0
SassyVelociraptor,0
emotionalpsychopath,0
OnAComputer,0
conspirized,0
I_ABUSED_YOUR_CHAIR,0
pblack09,0
planopanther,0
thirdmanin,0
SdBolts4,0
BallsOfSteeeeel,0
boomerangotan,0
CynicalCorkey,0
timetickson,1
Kirudra,0
artismyhustle,0
Poptartica,1
Ojahh,0
dawn_quixote,1
Grathon_Tolar,0
NoOneWalksInAtlanta,0
maximumutility,0
tf2honeybadger,0
bleedscarlet,0
Cywanese,0
annabutts,1
skinninja,0
Blaze172,1
bechampions,0
jberth,0
DuVega,0
buztone,0
brain4breakfast,0
dadabing,0
Ezada,1
djcat,1
Ukkie,0
MattyGritt,0
LondonBanana,0
theforgottenpeen,0
ISanguinity,0
crescentindigomoon,1
bfrantz,0
leewickert,0
onegentsten,0
beerisg00d,0
gwr215,0
lucas-hanson,0
idiabetic,0
Kiki302,1
werewolfchow,0
IamtheBiscuit,0
billynomates1,0
Kingmilano,0
nucleon,0
irrational_abbztract,0
othersomethings,1
Filmy92,0
-willis,0
randommusings1,1
pokker,0
zzuil93,0
zegafregaomega,0
ConstipatedNinja,0
AliciaLeone,1
alitoch,0
CjLink,0
b_Etude,1
GrownBravy,0
I_GOT_NO_NAME,0
letrainfalldown,1
ItsEirbear,0
emberskye,1
HandshakeOfCO,0
DukeCanada,0
bromemeoth,0
glittalogik,0
pantherwest,1
Lil_P66,0
TK421Mk2,0
tiluchi,0
eatdipupu,0
red5711,0
pinkpixy,1
Uberwitz,0
CripzyChiken,0
kinkychick,1
linedpaper92,0
da_pineapple,0
rackpuppy,1
prot3llo,0
Bullnettles,0
TheKittyCannon,0
BlackWind13,0
th3greg,0
flipflops2,1
mericayaqueers,0
AnonOblesseOblige,0
Zagaroth,0
pelhampanthers,0
The_Big_ID,0
M1rough,1
rockangel302,1
ASSBEATER_9000,0
raiderryan24,0
itsTHATgirl,1
Siannath,0
Catapulted_Platypus,0
bhwung,0
Tiyell,1
Tsmart,0
hallflukai,0
FucklesTheCat,0
bremo93,1
Lavishly,0
FinalDynasty,0
ninedigitninja,1
LiathroidiDana,0
peaceisoverrated,0
Pipstydoo,0
the_missingpiece_,0
Awkward_moments,0
pySSK,0
JulepMint,1
balgarath,0
carlinha1289,1
Philing_Good,0
thekid39,0
chaviva,1
twenty0ne,0
agiganticpanda,0
tripreporter,0
omgimsue,1
MisterScalawag,0
BenevolentZombyJesus,0
fedorabull,0
wolfrine20,0
WanderingStag,0
needathneed,1
Jojo-P,0
hiniajulion,1
Regendur,0
mhweaver,0
lolihull,1
Tashre,0
kahlizzle,0
Fairy_floss84,1
allibys,1
thekillerinstincts,1
Embryonic-Journey,1
logicalmike,0
dpprace,0
Lpup,0
annoyeddutchman,0
Nible,0
Crazy_G1raffe,0
BrutalJones,0
AdventureIsland,0
Bakker94,0
Nukutu,0
KrimsonTide,0
RoyalBlueSky,0
Mr_Sly_G,0
maddybaddy,1
militantbusiness,0
dr_cat_md,0
superdrypeezy,0
LobsterThief,0
UnitedRoad18,0
kanji_sasahara,0
CadHuevFacial,1
Bongopro,0
wishforagiraffe,1
Behindtheline,0
JuneRunner11,0
pastillage,1
pz71991,0
bkling,0
snazztasticmatt,0
Vilantius,0
Veadro,0
motacilla,1
NotJewishStopAsking,0
BoobosaurusSex,1
0utlander,0
GonnaRamble0n,0
V2Blast,0
mayorofpenisland,0
iminlovewithapopstar,1
mattyg5,0
AlmostRelevant2,0
Mattman624,0
Sippin_Haterade,0
xmuffinmanx,0
phridoo,1
PeterFuckingFrampton,0
ashoctober,0
Battlebear,0
mmmmmpopplers,1
ITNinja,0
meganekko,1
Skolpverksmidjan,0
friedpikmin,0
Blackmonkee777,0
maeby-marryme,1
bigtallsob,0
TowersMan,0
VaginaCreature9001,1
PringleTits,1
BeavMcloud,0
whitehandsinkstains,1
Sunshine_of_your_Lov,1
Buttercupslosinit,1
Tesatire,1
Pellit,0
DamaOscuraDeTodos,1
CryptLord1234,0
Mitch580,0
juiceyb,0
Mongoosen42,0
sddcsurf,0
fusrodah91,1
R99,0
ballookey,1
Double_Bo,0
chux0r,0
hummusisyummus,0
thomashush,0
I_Worship_Atheismo,0
1stonepwn,0
towmeaway,0
sidewaysplatypus,1
bigboyy23,0
madkingrichard,0
Orlynao666,0
notdeadanymore,1
insandrium_heart,0
countchocula86,0
Matais99,0
funsnailz,0
weebro55,0
UnmanlyMan,0
Snannybobo,0
TuckerP,0
idontlikewinter,1
Billism,0
SOCKS_AND_SLIDES,0
mynameisbatty,1
Mrxcman92,0
JonLuca,0
kuj0317,0
lolitsreality,0
DemonicWombat,0
RamonaNeopolitano,1
12sea21,0
LornoPorno,1
djunior90,0
guardiandevil,0
Nikki_Loves_Charlie,1
cruelladekill,1
ArcherAvenue,1
phaqueue,0
genericname887,0
Bencool,0
LetFearReign,1
105Hummel,0
SupurSAP,0
900dreams,0
bimmeric,0
irondal2,0
oi_rohe,0
RedSnt,0
Nithoren,0
TheSilentChemist,0
zesha,1
topherNCedge,0
jwinf843,0
Bruneti12,0
ToonisAtNight,0
jgaskins34,0
IEndThreads,0
Justice_is_Key,0
RustyRobot83,0
zukinzo,0
forlackofabetterbird,0
voldemort-unicorn,1
guesstalt,1
bazilbt,0
Subjekt_Beef,0
I_HateYouAll,0
ibtrippindoe,0
Happy_Bee,1
bang_equals,1
neverenough22,0
Chaoticgood11,0
heretik,0
MSUn4nn3r5,0
ultrahedgehog,1
raging_behemoth,0
ValuableRubbish,0
sandmans,1
Sarabi_Constance,1
dredding,0
norris528e,0
BioJoltz,0
ulvok_coven,0
igacek,0
cruuuuzer,0
Osmodius,0
TheRogueGinger,1
sir_sri,0
tonguesplitter,0
SlenderManX,0
SouthernNewEnglander,0
ellisdlsd,0
silkleaf,1
MonkeyToes_,1
Sturdybody,0
peachesdevine,1
Penultimatum,0
azalea_k,1
AgentMullWork,0
AWildRisuAppeared,1
Moxie42,1
emikoala,1
Capn_Crunchtime,0
Ebu-Gogo,1
welshcorgis,1
MakingSipHappen,1
holesinacloud,1
jeflyons,0
too_honest_sometimes,0
charliedouglas123,0
Omni33,0
amkingdom,0
suddenlyappear,0
Contero,0
Bobster829,0
CalebisReal,0
varrogath,0
that_awkward_chick,1
LaCuevaMan,0
Velenor,0
Lopaulpa,0
DavidLPJr,0
nedolya,1
MR502,0
ed8020,0
CareToJoinMe,0
fencerJP,0
psychosythe,0
BoomItsSammy,0
tallicious,1
IrideTheDirt,0
nikkojran,0
Epsilonae,1
daneledane,1
monalisas-madhats,1
megTED1,1
msbubbles326,1
someguyfromtheuk,0
Breal3030,0
thesweeper01,0
secpol,0
kinare,1
XoXFaby,0
davethesquare,0
bubbabearzle,1
BigBy_,0
whiteynumber2,0
Carpathicus,0
rgj7,0
Brikkebrok,0
Dangle76,0
willgrum,0
J_U_D_G_E,0
mrfocus22,0
cheesecakesurprise,1
punkhobo,0
Teet2323,0
BrosephineBaker,1
Peekmeister,0
sivvus,1
Archduk3Ch0cula,0
AudioIssues,0
BoomShanaynay,0
a-Centauri,0
SalamanderJesus,0
ChuBecka,1
bunk88,0
gLkJester,0
mr-snrub-,1
crystallinegirl,1
IBiteYou,1
ThePheenix,0
Foggalong,0
kings_tuna,0
expomac,0
Wulibo,0
abcSpectacular,0
dirtylittleredditor,1
BigT5535,0
lwboehm,0
pugwalker,0
h0wdy,0
blastfromtheblue,0
Jhat316,0
macncheese211,1
WC_EEND,0
WunderbarShmuck,0
agentup,0
egnaro2007,0
naeve,1
PeanutNore,0
sporksamillion,1
wickro,1
FireproofSolid3,0
m4xn00b,0
tippytoez,1
PacDan,0
Brainles,0
redpandabear,1
Woozl,0
systemlord,0
SpookyWookiee,0
wingchild,0
thejamesstage,0
almacan,0
Freakazette,1
grandmapocalypse,1
mikeyur,0
Cohomotopian,0
kazyfake,0
Ician_Music,0
loath,0
dio_affogato,0
MrAlexplosion,0
mludd,0
mamelouk,0
HowBoutThemWapples,0
PabolopusThe3rd,0
Tog_the_destroyer,0
duchessofeire,1
crayolajunkie,1
lightningnonevent,1
TheBaconator666,1
TheBlackDahliaMurder,0
Musicalady,1
capri1722,1
silkythinker,0
Heinz_Tomato_Ketchup,0
Carson99,0
anypeachessong,0
Crazybarnacles,0
MissCherryPi,1
Tinilily,1
kickingturkies,0
jackksouth,0
strangeboutique,1
DeleteMyOldAccount,0
8lueberrymuffin,0
Johnzsmith,0
midnight3896,0
dctrainor,0
dackkorto1,0
rosebud93,1
OnceInATre0n,0
blork600,0
Honee_Bee,1
lukeish,0
Teamster,0
NovocainStain07,0
hulksmashbashdash,0
hyperfat,1
Lomlfmuffin,1
mislabeledhuman,1
hamrehjerte,1
pig-newton,1
rockercello,0
memnos,0
JustWonderingStuff,0
misterdave75,0
TheDissoluteCity,0
MCRAGEQUIT,1
moviegeek81,0
Feezec,0
siim555,0
Legendly,1
cmcase,1
MassacrMan,0
TallChick9,1
TexasWithADollarsign,0
theAmazingMrX,0
mecaenas,0
JTfromOKC,0
missjolie,1
Talidorn,0
Doip,0
dabrownknight,0
evade16,0
Teslatyr,0
jer-k,0
Rats_In_Boxes,0
Drwildy,0
ebug9,0
MillenniumFalc0n,0
ljones12,0
ryqiem,0
Numbchicken,0
tifff420,1
spongemonster,0
x0karen,1
cmlle,1
perceptionsofpacha,0
dravere,0
snaps244,1
whirlpool4,1
Laces-Out,0
uyScuti,0
wadded,0
broo20,0
CowboyMikey,1
allihaveismymind,0
myhomeaccountisporn,0
Bubblessing,0
highasdick,0
lookaboveyou,0
techmeister,0
jsimco876,0
UniBrr,1
LyssaBrisby,1
sparklex2,1
yournewpenpal,0
TribalLore,0
chikitiki,0
mae_kit_rein,0
R-U,0
WHICKSEY,0
drivebyla,1
Herover,0
tawmc4t,0
deejay_1,0
SilentExplosion17,0
ixron64,0
ChekkM8,1
bigjames2002,0
pythonspam,0
Hipmunk66,1
Tired_of_this_7,0
Spacekip,0
gblancag,1
runawaysaints,1
alexandrsalamandr,0
Maple_The_Canadian,0
Treypyro,0
Hockeygirl1974,1
LegolasLegoLass,1
Chicken_Whopper,0
2tomidnight,1
Respondir,1
hashfag,1
dasilentwombat,0
velocirapturd,1
stctippr,0
pursenboots,0
I_MAKE_USERNAMES,0
StranaMente,0
define_irony,0
rains1986,0
Th3Gr3atDan3,0
Buddhaaaa,0
marrella,1
PunchDrunkBitches,0
Lizard,0
TallManInTheCity,0
goofygooberrock,1
thaiangel9008,1
miniaturedonuts,1
codemoney,0
Doctorpat,0
PowerStarter,0
TrickyTramp,0
SZRTH,0
stoyaa,1
sheckelheimer,0
Robotgorilla,0
javi_intheair,0
zhrusk,0
DinnerBlasterX,0
PinkCommander,0
Wohlraj,0
Jacksambuck,0
KillaWillaSea,0
NeoSpartacus,0
trixloko,0
manbearded,0
ImBiggerThanYou,0
mamahani,0
careoweline,1
Maldevinine,0
MyNameIsDan_,0
Manager_Mister,0
OlderThanGif,0
popisfizzy,0
Rimm,0
sevntytimessev,0
medhop,0
fuhrerfriday,0
ItsFlubber,0
kylander,0
firead,1
pinkfu,1
Guyinapeacoat,0
rickgene,0
LiL_BrOwNiE247,0
NoStopImDone,0
cryoK,0
rrghost,0
Bunbury42,0
FreelanceEverything,0
NecroBumpist,0
corporateprincess,1
leavenworth,1
InternationalRoots,0
NEPXDer,0
JeremyJustin,1
nomanhasblindedme,0
BelleLune,1
namethtrhymeswsailor,1
WalksAmongHeathens,0
amyflora,1
HootHootMotherfucker,0
CornishPaddy,0
PANDAmonium515,0
djaglet,0
nevinr4,0
swimmingfalcon,1
alohawolf,0
jamesdaltonbell,0
Alpha17x,0
pcarn9,0
reglog,1
Windumaster14,0
mallybear69,1
Fluxxed0,0
Baron_von_Brockway,0
iloveteax,1
TheDirtyDrunk,0
Daxen123,0
wackyvorlon,0
SunkistGasm,0
Mintau,0
mj258,0
naked_as_a_jaybird,0
EVILGR33NRNGR,0
NearBlueHills,0
BR0THAKYLE,0
yarmematey,1
rattlebat,0
clickersunite,0
SwitchToDecaf,1
sparsile,1
voxamps2290,0
ArchonII,0
happycowsmmmcheese,1
BiscuitCookie,0
Strmtrooper1013,0
RandomSadPerson,0
mindgrasp,0
dusmeyedin,0
yu8myrice,0
allycakes13,1
BladexJogger,0
Straight-Anathema,0
flexible_madness,1
elbowglitter,1
Hung_Like_Hussein,0
thatguyoverthere202,0
nukelauncher95,0
edit-smile,1
ghathawayjunior,0
Goosemaniac,0
Tebore,0
TheSyvikPanda,0
raquelio,1
Photosaurusrex04,1
PirateJebus,0
royalsiblings,0
NoIdeaJustOneName,0
Trauma17,0
Gogo2go,1
Valdrec,0
philematologist,0
WestlorePyreheart,0
shiinee,1
gooberwonder,0
Moon_Whaler,0
PaleBlueNew,1
wizzconsin,0
stellarguymk,0
reasonweb,1
HPMOR_fan,0
letitbe-bbybreathe,1
thezooniverse,1
BullNiro,0
SenatorRittrePenisu,0
whats_a_farger,0
yoghurtpots,1
Gemini00,0
weird_man_27,0
DnicF,0
unklekim,0
ArgonGryphon,1
gilburrito,1
Viend,0
cdingo,0
Oblivinatior,1
pikachudrunk,1
JSqueaks,1
andy999999999,0
ChaoticGonzo,0
ZackiDack,0
AngelicMercy,1
lilnuggets,1
whisky_tango_fox,0
pml1983,0
Renner1,0
Banner_Free,0
sockstream,0
selkie_3,1
meemeemeep,1
TheOccasionalTachyon,0
rahkshi92,0
nillethere,1
PanachelessNihilist,0
walkingparadox,0
drachenstern,0
thebigangry,0
mikab00,1
solo_sysygy,0
Eggfibre,0
keypuncher,0
acidkids,1
ljsauk,0
TallSamuel,0
sunglasses619,1
Keightler,0
Suplalmo,0
gaston_q57,0
Dfordomar,0
iKaka,0
TrampolineTales,0
AngryNavySeal,0
pricks,0
razztafarai,0
thunderburd,0
YourInnerChild,0
Deminix,1
Sibbo,0
isaytruisms,0
nullomore,1
The_Amazing_Raisin,0
ruat_caelum,0
FizzingWhizzbees,1
aquirkysoul,0
LilBillysChubbyTits,1
TheMouseIsBack,1
outtascope,0
AttackWithHugs,1
rjgw,0
EpicFeo,0
kcMasterpiece,0
your-beast-of-burden,1
Wambulance_Driver,0
DarthVaderette,1
Quixotic_Flummery,0
Vash88,0
losapher,0
manianiac,0
rushmountmore,0
Stemnin,0
ATCaver,0
spenrose22,0
jpla86,0
CloneOutcast,0
m13b,0
gooeyfishus,0
ThatFeelBro,0
somebodycallmymomma,0
Nebuchadnezzar2069,0
bluesky747,1
amdis,0
CaptainWobbles,0
phoenix9542,0
theoccassional,0
Lancaster1983,0
Djammer,0
Ignorant-Sasquatch,1
Steenalized,0
the_dragophile,0
somewhere-in-between,1
Caesar914,0
domestic_titty_kitty,1
Zaranthan,0
ERAlderidge,1
geekinoutt,0
The_Cameraman,0
MidnightSlinks,1
worksafe1,0
dosenga,0
Solid1Snake1,0
UnusualCrate,0
coniferous1,0
thedillwiththepill,0
labisa,1
Yeti97,0
jtl94,0
saikron,0
Sylv666,1
wrathfulgrapes,0
AlexW3GG,0
rockies2626,1
colossusgb,0
m3xicangun,0
moosetastrophe,1
mkhockeygeek,0
Dumkorven,0
slackhand,0
Slinkwyde,0
yanarchy,1
Amicron,0
HappyGerbil88,0
phreshnesh,0
ttf69,0
mikerathbun,0
CalCann,0
Train1231,0
FlashAttack,0
messiahwannabe,0
Trebek007,0
ziddyzoom,0
Dascuff1,0
mrbecker78,0
EmpireofWin,0
violetrip,1
suckitphil,0
SophiePT,1
EauRougeFlatOut,0
K2TheM,0
Synthur,0
Radzynn,0
voidvector,0
psychicsword,0
Willravel,0
Shwaft,0
Vinsero,0
morotspinne,0
shahrum,0
bulls618,0
Sacharified,0
bcerz811,1
FrndlyMisanthrpe,0
wdn,0
Zombie-Blade,0
elpresidente072,0
everythingismagical,1
NubThrasher9,0
wheresthepie,0
Dilseacht,1
aklemmentin,0
Veeks,1
goat_I_am,0
FinalBawse,1
ShortSlice,0
princesskiki,1
stancaples,0
matt_512,0
Dano719,0
Thoreg,0
StarRice,1
wakemeatsunset,0
XxSittingxBullxX,0
Thav,0
JCBacon,0
phughlett,0
Hawkstream,0
bodza,0
datbanter,1
suelinaa,1
alsomahler,0
Riddance,1
SoundRules,0
michaelkeene,0
devilinmexico13,0
GuruGrendo,0
doddywork,0
MajesticalLoki,1
tallgirl32,1
shutts67,0
BeeGeeBees,0
HammyBlack,0
NeonPyro,1
Dagoth_Draal,0
lcoursey,0
krystyin,0
susiedotwo,1
superthrust,0
heygivethatback,0
Zim_zala_bim,0
jimmyhoffa401,0
Meek0n,0
CanticumVulpes,1
FleshAndFetish,1
peejay3412,0
specialagentcorn,0
billweasley,0
jademagpie,1
the-infinite-jester,1
aerbourne,0
kindnessabound,1
The1WhoRingsTheBell,0
kalving,0
tigrisend,0
knitkitty,0
winter83,1
EgMay,1
i_am_a_freethinker,0
EastBlackbird,0
roaddogg,0
1n1billionAZNsay,0
Jca56,0
Stj1mmy,0
iliriel227,0
irishtoast,1
memberzs,0
Glonn,0
Ian_is_cool,0
wannasqueeze,1
Dain_Ironballs,0
ginger_bird,1
GGSoapMan,0
cyberocket,0
Hardin314,0
KayBee236,1
leftajar,0
Br00dr00ster,0
tynenn,0
Sr_deez,0
bobtowned,0
Daahkness,0
Helzibah,1
krbin,0
i4k20z3,0
thekingofwintre,1
PantsOnHead719,0
Timbofieseler102,0
MazDatsun,0
girafa,0
WTFWaffles,0
Zulli85,0
Elitra1,0
FuckItHaveAnUpvote,0
Lost_in_Thought,0
UrsaChromia,0
dailydouble56,0
jonmonage,0
freshaaron,0
kinsey3,0
VollieV,0
Hanare,0
Legendary97,1
Brightdog,0
bigshmoo,0
natephant,0
James_GAF,0
joojoobes,0
btmunro,0
Saphro,0
Inkshooter,0
owlcapone19,0
you_____________suck,0
gchance92,0
FlaccidFlamingo,1
EvilEyeJoe,0
njosephg,0
Satherton,0
Humans_Are_Weird,0
wonderpickle2147,1
Thingscannotgetworse,1
vorter,0
alainnfionn,1
NotSoSlenderMan,0
polysyllabist,0
ScottyB6,0
midevildle,0
Happy-Time-Harry,0
too__legit,1
paperballpark,0
whslaxattack,0
Dejomony_lemon,0
Lord-kirk,0
drumcowski,0
MAY_BE_TOM_BRADY,0
Concomp,0
jammang,0
PhoneJazz,1
tosca-boo,1
justinc6,0
based_pat,0
jennisashark,1
tehftw,0
cnh2n2homosapien,0
Hegemott,0
Neoprime,0
GarbaGarba,1
TallZeek,0
lbeaty1981,0
SigmaMu,0
plasticTron,1
blahkittens,1
OccupyJumpStreet,0
midgaze,0
WeLikeIke93,1
thefirststarfighter,0
zloebl,0
saybruh,0
MattAdams53,0
lifthearth,0
ZeUplneXero,0
Wibbleman,0
ohsnapitsjuzdin,0
SwiftlyChill,0
Kim_Jung-Skill,0
KER822,1
Judejaegarn,0
JamesHaven75,0
VikingLumberjackRugg,0
the_onetwo,0
magicgrl111,1
Keldra,1
woollymammothsteak,1
popcornmold,0
dejvid6,0
Samanthalynnn,1
justzocurious,1
Jakoman7,0
mckraut3six,0
Cherry_7up,0
aredditt,1
taketwotheyresmall,1
FluorescentBug,1
FrostySparrow,0
Crumpetbutt,0
DrinkinMcGee,0
BlueCarrotAntenna,1
queencowe,1
ETXman,0
sotosgc,0
DOOP_DOOP_DOOP,0
-true_neutral-,0
masturjosh217,0
MusicalEmergenc,0
Roblobster89,0
millenialwoman,1
Devo85,0
fatkid1371,0
bobbybrown,0
TerminalStar,1
pedersencato,0
peppermint_m,1
tl12760,0
Girdon_Freeman,0
capitulum,0
thewildly,1
yourmama123,0
freads,0
runiq,0
Astaro,0
ReaditLore,0
Beorn6,0
rynthd,0
RondaSwanson,1
RollTides,1
FistOfFacepalm,0
eugay,0
chucky_z,0
ericb45696,0
MrFabio,0
hannah1541,1
vorpalblab,0
octahedron8,0
dillfinger,0
Soundvo1ume,0
Tatticadanit0,0
OswegoWriter,0
GIMME_DA_ALIEN,0
BruceMT,0
madindenial,1
SheltieNoises,0
BoilerUpx,0
sevenfooter1,0
projectmayhem7,1
abalone99,1
HeloisePommefume,1
crossed_xd,0
cutter631,0
theunpoet,0
bigfootbeast69,0
jorikk,0
Timetogetstoned,0
shafonfa,1
Ingmundar,0
titstank,1
eddie8082,0
AfflictedDuckie,0
tankydhg,0
Manly-man,0
in4real,0
the_shiner,0
Throw-okc-away,1
hardyhaha_09,0
Holcat27,1
visceralneeds,0
famouscomposer,0
gurlubi,0
reekawn,0
iTardification,0
pathogen47,0
ObscenePenguin,1
elai,0
nightbreakin,1
kayfox,1
MeaKyori,1
Malavai,1
Thehahaguy06,0
kduuduuhellahigh0711,0
Robot_Ghost,0
liebteimmer,1
crashonthebeat,0
CryoClone,0
i_poop_mcdonalds,0
ohjason,0
jonkenobi,0
rohrspatz,1
Dr_Destructo28,1
TJtheV,0
ElectricWarr,0
hasavagina,1
SrBarfy,0
s3c7i0n,0
ImSoChangry,0
matthewmartyr,0
CalzoniTheStag,0
dang46,0
Dana415,1
wrathy_tyro,0
chicagotim1,0
iNeverWannaActMyAge,0
leemanfor,0
Embroz,0
AnArcher,0
Ikersain,0
rystaman,0
messymistaeks,1
seando17,0
ZachRubbyDubby,0
2ndXCharm,1
Bizarre_trader,0
scorpionMaster,0
05Lanky05,0
someuniquename,0
Noswald,0
i_hate_toolbars,0
Methrend,0
mazodan,0
SmaugTheMagnificent,0
karlymoon999,1
WhoredOutPrincess,1
Wunderflarg,0
astepp22,0
Benjajinj,0
aronotrigger,0
statusrobot,1
sakuyuichiro,0
Saefroch,0
korbo-nee,0
tombradyrulz,0
jasmineblue0202,1
DrChrispocalypse,0
Elendira,1
Lolopiccolo,1
Mr800ftw,0
sternhelden,0
NoirCellarDoor,0
lyzedekiel,1
AngryWizard,1
Bluejay0,0
dovey2186,1
shleenee,1
Doty152,0
MangoFlavored,0
georgethehulk,0
GuyWithNoHat,0
DangerouslySilent,1
OklaJosha,0
Kabuhler,0
dutchguy94,0
leavemedreaming,1
nicolai93,0
jordanFromJersey,0
redditat-tat,0
johnavel,0
Gorgovitch,0
AdmiralRychard,0
GeckoRocket,0
LordCOTA,0
iloveazizansari,0
travistravis,0
SickScorpionJacket,0
dizzywater,1
donkey_hotay,0
alixxlove,1
dreamingofjellyfish,1
spyguy99,0
woofdoggy,0
Conexion,0
ashizzzle,1
goot449,0
withtaste,0
NeverHereAgain,0
AllGreatAllTheTime,0
ArtofStu,0
kaalikeitto,1
Enforte,1
solodomo,0
Ironfist,0
scootabang,0
mlh4,1
andcunning,0
Waldoz53,0
SageofLightning,0
mykolas5b,0
Hausnelis,0
Polluxi,1
HabseligkeitDerLiebe,0
rde83,0
condude,0
Nogorn,0
Vincenzo99,0
RockVonCleveland,0
Jakklz,0
Colomusi,0
Unik_,0
thealtoid,1
Zuraziba,0
trewq321,1
donwess,0
Litigatrix,1
mmiissttyy,1
UglierThanMoe,0
WackyWarrior,0
moose_man,0
Acenus,0
MaximumDrive,0
favenoso,0
Picodick,1
talltimh,0
lemonylips,1
SaintKairu,0
ljoly,1
ChrissyKat,1
benk4,0
ChaseDCox,0
Dyrdy_Lawx,1
jongbag,0
ishallnamehimsquishy,1
streakybacon,0
dexterbateman,0
Docano,0
WhovianMoak,0
hiddenbutobvious,1
jourdan442,0
lobstronomosity,0
KirTakat,0
cybaritic,0
jda,0
rawritsxreptar,1
phenger,0
Gracky,1
TheIhopKitchenTroll,0
alrighty_then7,0
Apostrophe,0
SalazarSmithy,1
Herdsoot,0
LxBru,0
Zephyr104,0
Dawndeming719,1
banngbanng,0
supernick530,0
gelflingses,1
sequoia_trees,0
wtfleslie,1
Gunmetalz,0
Gen_E_Awesome,0
cascra825,1
PlushieChomby,1
billcstickers,0
Xaliver,0
SendenDahaGuzel,0
BlueRainstorm,1
CameToMeInTheNight,0
chayla,1
the_leif,0
Draconiondevil,0
strizzalo,1
capnsouth,0
Korinney,1
augustburnsred1,0
The_Lone_Warrior,0
Batmankoff92,0
wycocopuff,0
DocSwiss,0
_JeanGenie_,1
doughlow,0
AstroPhysician,0
nogginrocket,0
doriangray512,0
YLXV,0
popsiwinkle,1
Kirbyoh,0
OccamsHairbrush,1
justnick,0
noprahwinfrey,1
Orangerrific,1
shiimapan,1
Cr0z,0
sixpointlow,0
pretentious_lowbrow,0
kleer001,0
TheMonologuer,1
jozlod,0
geodukemon,0
ColinFlolin,0
OxymoronParadox,1
capitlj,0
christian-mann,0
ChrisVolkoff,0
NahDudeFkThat,0
BringYourWholeCrew,0
Tihsdrib,0
salmonhead8,0
IMdub,0
caitlinrb,1
BrainDamage77,0
TheCaptainBlast,0
dat-----------hyphen,0
Paladout,0
Caudheur,0
marchmay,1
Sahil17,0
abloodyminge,1
EuphemismTreadmill,0
rebelrowzer,0
DrRobertKelso,0
wormery,0
fronteir,0
AntiCamper,0
madchicken,0
fuckinusernamestaken,0
Wizuhd,0
JiANTSQUiD,0
sparkymonroe,1
McSkindy,0
Jarlehusian,0
Timmetie,0
Jevia,1
Stu161,0
whoremongering,0
frowaway3000,1
Shiranaru,0
jeffbingham,0
vtwo,0
pertichor,0
Rambling_Giant,0
epicpineapple95,0
nacho93303,0
stylzs05,0
BandGeekBarclay,0
Phyre667,0
gravytub,0
pewpewmurmlol,1
ashtinjeanne,1
JIVEprinting,0
iEliteNoob,0
CloudDrone,0
Evil_Evie,1
AnnaKarenina7423,1
MurderousClown,0
pogonophobia,1
Sturling,0
HelenAngel,1
dark_ali,1
chiliwhip,0
bunnygirl12785,1
ZeroDagger,1
Heads-Will-Roll,0
katinwonderland,1
AKJ90,0
outlawchesus,0
mdog95,0
AllwaysConfused,1
AssociationFootball,0
jeffseadot,0
deadfermata,0
acech24,0
dfwzappaphile,0
halbrd,0
leontheou,0
bunsnroses,1
ApocalypsePony315,1
BagsOfMoney,1
Captntrouble,0
Twillz01,0
RiskaM,0
effortlessgrace,0
Cpt_Rabbit,0
Hipknow,0
cole66d,0
Kooshawa,0
seakeg,0
ToastyXD,0
DenverITGuy,0
redundanteater,0
sensibletruth,1
nixy19,1
McChubbers,0
Kingpanday,0
siggiestardust,1
nsahaze,0
Trocader,0
kikkeroog,0
Kramanos,0
alphashadow,0
SpliceVW,0
rainbowplethora,1
Tazato,0
tautomers,0
OMEGACorruption,0
chukc,0
The_Captn,0
BiddlyBongBong,0
ovd33,0
brokenstopsign,1
FrankReynolds,0
The_Lion_Jumped,0
iShoggoth,1
Floom101,0
TrollinSeattle,1
jgunski,0
POON_PUNCHER,0
tina_ri,1
piggybankcowboy,0
Zigzter,0
evilvee,1
engineered_broom,0
jackpg98,0
kewy,0
Pacalakin,0
TimeToFaceTheTruth,0
Unprint-thyself,0
elliefunt,1
wacky,0
justkilledaman,1
nowthatihavefoundyou,1
iceman48,0
ekurtz96,0
TheTonzMachine,0
DeviousLight,0
TheShuriken69,0
atxbryan,0
dreadfulpennies,1
theogtrekkie,0
Idonthavemanyfriends,0
iwuvkittenz,1
NarstyHobbitses,0
sokiee,1
Randyy1,0
EvilMrGubGub,0
TINIEST_CHODE,0
rowd149,0
Mello2912,0
madspam,1
ABodyInMotion,0
BillyPilgrim1954,0
the253monster,0
AKCheesehead,0
thecount66,0
thinktea,1
FarmPal,0
Kagrenasty,0
Caffiendishly,1
wontbemad,0
KFCatz,1
youdidntseeanything1,0
gigglepuff7,0
nikkibeingsocial,1
ScifiChocoChai,1
avatar_aang_,0
zailtz,0
GM3d6,0
julezasaurus,1
m2drox,0
cheesedick25,0
mattosaur,0
SinisterWaffles,0
McFlynder,1
ISleepALot,1
jacks0nX,0
AkiraZXE,0
Catalystluna56,1
BalorLives,0
Qwerty1119,1
delqhic,0
Duncan006,0
OctaVariuM8,0
yh5203,0
femanonette,1
the_lay,0
Teabeee,1
itscherried,1
rangabanga2036,0
Kybrat,0
Nirgilis,0
hellomisterjedi,1
Jpoa,0
markdawanton,0
Balltoids,0
eaz135,0
Slive,0
myquang_in_yourmouth,0
bsod666rrod,0
stilogeno,0
yarnskeinporchswings,1
Secret_Wizard,0
tarnagx,0
PolishRobinHood,1
TomasHezan,0
ciov3r,1
TuggMahog,0
missmaggy2u,1
Qikku,0
archenteron,1
BusRider,0
Muffinmeistro,0
AwhMan,0
nicholasalotalos,0
colonel2113,0
kishbish,1
judowoman,1
yellieee,1
deeferg,0
imstartingover,0
cptcracker,0
harry821,0
MLVD,0
ri0tnrrd,1
OmegaQuake,0
mungie,0
Ganzer6,0
HammerMeat,0
ravingllama,0
spongebib,1
evilalmia,1
MrDadMan,0
fingers-crossed,0
lambsmilk,1
typer525,0
briannasaurusrex92,1
ericbn2011,0
ashyre,0
NSX_guy,0
Lluxx,1
Ukbar,0
theshedres,1
poko620,0
Bizi,1
Cobrajenn87,1
LordNotix,0
Cipherisoatmeal,0
lordoftheties,1
ArisLikeTheGreekGod,0
ivannavp,1
Blissfully,1
eatgeeksleeprepeat,1
kwayte,1
bigbn,0
DeacanCheese300,0
IsUsuallyDrunk,0
the_number_2,0
shinyquagsire23,0
Prodigy195,0
socialrage,0
Countpudyoola,0
fredrogersismyhero,1
lphemphill,1
genderthrownaway,1
420-Walrus,0
Jlc2100,0
burgertiger,0
krippling,1
muytemprano,0
kellephant,1
mycroftar,0
smallerthan,0
CptnKickass,0
deadlywoodlouse,0
drsfmd,0
lifeisabsurd,0
zanerbery,0
Jumhyn,0
RUIN570,0
thetruthburnssogood,1
howaboutlove,1
liltallguy,0
Jyzz,0
Areyve,0
rwbombc,0
eggsistoast,1
fattredd,0
dudemann,0
per-aspera,1
Nacgt_the_Elyts,0
SparklingW,0
TaleOfTheUnseen,1
mantisbenji,0
Aartimus_Prime,1
stellarmeadow,1
Tinyassfeet,1
andysaurus_rex,0
Sharkictus,0
sunidelite,1
daviddwk,0
Manetheran,0
sex_on_wheels,0
uli_i_a37,0
JamesR8800,0
alansamigo,0
bacondev,0
Boemsong,0
wordsborrowed,0
TineTheNoob,0
Nick_Lastname,0
fuzzyllama1,0
Woooftickets,0
Ajinho,0
killigon,0
diamonte,1
DravenDC,0
ConorPMc,0
bubblespinky,1
whygodwhyyy,0
iwantaredditaccount,0
robdabank,0
NAFI_S,0
RoseOfSharonCassidy,1
KidKangaskhan,0
lymos,0
rolandal,0
HeckleMagpie,0
LizzieDane,1
TruKiller,0
ExceedsImagination,1
Jerms-boo,0
JAPH,0
genini1,0
Ashprism,1
Giant__midget,0
Gandalfbaby,0
madgirlwithafez,1
schmooby,1
PoseidonsTrident,0
royalmarquis,0
CaneUKRM,0
Quazaar,0
MaeBeWeird,1
Pock_the_Viking,0
GreenHell,0
Lookar0und,0
girlygirlfriend,1
stryker3,0
Big_Rob79,0
wineandcatlady,1
n88888888,0
rosylux,1
BranfordBound,0
celtic55,1
sassysilverware,1
scheru,1
arcai921,0
PcaKestheaod,0
Herooftme,0
schwann,0
cptmonty,0
12ozcurls,0
oOPonyOo,0
DehydratedCantoloupe,0
DmitryStrelnikov,0
mrvega,0
elSpanielo,0
DangerAndAdrenaline,0
Wonderwombat,0
royal_punk,0
Cookindinner,0
Ewrong,0
huphelmeyer,0
TheCruise,0
gwtechgw030,0
theswanqueen,1
procrastablasta,0
solitaryman098,0
MightyGamera,0
shuritsen,0
wafflecopter69,1
PolyVinylCracker,1
Moonshatter89,0
junkeee999,0
Texas_Cloverleaf,0
biau,0
michelle83,1
SovereignPhobia,0
aburk1021,0
Jdmnd,0
owwmyass,1
bowties_are_cool_,0
Duffalpha,0
JHemingway,0
irlcatspankz,0
baummer,0
TheTempest510,0
jamiethejoker26,0
minime_,0
Networkian,0
Isolater,0
BurnieMET,0
GreatFox18,0
rednail64,0
puppiesonabus,1
Hexxon,0
eclectic_tastes,0
risciss93,0
kavalli,1
eskansm9442,1
Beevo,0
artsyalexis,1
scarredHead,0
Steaming_Noggin,1
becauseitwasme,0
SPAZZEH,0
failsafetrigger,1
Sylveran-01,0
dallasmichael,0
sexandtacos,1
AugustasV,0
dharmaticate,1
relevantobscurity,0
MisheardWhisper,0
Shamus_Aran,0
mudra311,0
SageKnows,0
schm0,0
wastwink,0
Not_Safe_For_Woona,0
caseygail,0
FUCK_YOU_CHAD,0
purgatori,1
Rape_Van_Winkle,0
Segat1,0
Titan_Transcendent,1
InsertDownvotes,0
thetwobecomeone,0
TheScarletPimpernel,0
koshershiksa,1
tugabros,0
dellcm,0
Farnswirth,0
Maaaaaaaaaan,0
f3tch,0
captain_darling,0
granxo,0
drummel1,0
HOLOCAUST_IN_MY_ASS,0
anchoronmysleeve,1
rideupwitmysurfboard,1
zKITKATz,0
ToadLord,0
Pyopi,0
Dragon_Slayer_Hunter,0
chipmunksocute,0
Sentryy,0
DirtyDaisy,0
Kong_Dong,0
mdreed,0
Snaaak,0
chavabt,1
wizardlegs,0
crazycarl444,0
Introvertedgenius,0
TeopEvol,0
hypadermickitten,1
bayernownz1995,0
HippieSpider,0
JasonWaterfall,0
plasticfirtree,1
amitarvind,0
theatrephile,1
Brom_the_storyteller,0
jessemfkeeler,0
AceDynamicHero,0
Crash_Bandicunt,0
jemillet23,1
BilingualBloodFest,0
hakujin214,0
DozerandDaisy,0
gindlesberger08,0
RaccoonLord,0
TheClean19,0
forreal_dude,1
Jarrad411,0
geetar_man,0
TwoForTuesday,0
sdflkjeroi342,0
gravityStar,0
Scoons,1
Humanunicornrelation,0
JustPlainRude,0
IAMATyrannosaurusAMA,0
stephengee,0
PosiedonPwns,0
athousandthrills,1
AirdustPenlight,0
ohemgeeitsme,1
MARX0,1
anonslore112,1
mimsy191,1
720cork,0
A-Yi-E-We-Wuna-Dey,1
BurningBeard006,0
Aureez,0
DJ_GiantMidget,0
GoldenBacon,0
fallschirmjaeger,0
itsemalkay,0
Reubenh,0
Tall_Rassman,0
MagnusCallicles,0
SovietRaptor,0
technosasquatch,0
NailPolishAddict,1
thenYES,1
Marchosias,0
Dis13,1
AnreteaXul,0
Drabby,1
iepartytracks,0
FeversMirrors,0
legasaurus,1
peterpanslostgirl,1
Gearhead90,0
IBelongInAKitchen,1
gdvs,0
looseseal_2,1
tehgilligan,0
theatre_kiddo,0
SUPERSTEFF1,0
meowmixxed,1
pintong,0
Beallis,0
Malvent,0
emspfaery,1
zattacks,0
clarbri,0
KeyboardOverMouse,0
prontopup2005,0
Tacomaster3211,0
prettyladythrowaway,1
Darkdaysx,0
Consequentialist63,0
Shoopaydoop,1
LittleSprite430,1
OldSchoolNewRules,0
Jinjahh,0
Pumpkin_Pie,0
ThisDoesntMakeCents,0
awfulsubmarine,0
Agilability,0
sqqueen,1
JadedDecember,0
notebookscribble,1
soxfan17,0
ltsReno,0
Nurvice,0
fishypot,1
Neiltheslayer,0
misogthrow,1
gtfb96,0
novacrystallis,1
Failscout,0
stevenorkney,0
ozoe,0
ayrsayle,0
livecontent,1
Arcturus_,0
Airbuilder7,0
Shamaloo,0
novalux,0
AlexoftheYear,0
I_FUCK_UP_RECIPES,0
heffalump232,0
imaylie,1
WeLiveInPublic,0
1up-,1
5bucksforatoaster,1
5hawnking5,0
muppetmannn,0
PEANUT_BUTTER_AND_JE,0
drummybear67,0
UsuallyHonest,0
internetsyndicate,0
juddrnaut,1
vilest,0
askape,0
bitelulz,0
Mikkelet,0
the_alpha_turtle,0
stairmaster,0
Dynablayde,0
CAPTAIN_BALLOONS,0
MrsConfused,1
duggtodeath,0
istumbler,0
Iwchabre,0
HaloZero,0
printzonic,0
LolaRuns,1
dothecreepuhh,1
Digita1B0y,0
SoloWing1,0
Shokist37,0
KaywinnettLeeFrye,1
SuprDuprSam,0
msheaven,1
geewhillikers7,0
MrDevilbiss,0
Edgelessmuffin,0
sockmonkeysaurus,1
Cunningham01,0
YoungFolks,0
LordOfTheMongs,0
HumidNebula,0
MitchIsRedding,0
jabronieflight,1
PineappleTigers,1
invictus34,1
Keskasidvar,0
SpankWhoWithWhatNow,0
Kayge,0
backslash937,0
ColtonHD,0
Legal22,0
Schnigster44,0
mel_the_pumpkinator,1
ShaySilver,1
vivichase,1
macgalver,1
eb11b,1
1_point_21_gigawatts,0
No_Inside_Voice,1
titirico,0
hrtfthmttr,0
verxix,0
seiatwork,0
DrBaby,1
ghiiirocker1,0
portersmokedporter,0
ca21,1
Poompoomdon,0
ceejayech,0
vonja,0
jackelface,0
TriColourVinyl,0
pablasso,0
Althar,0
p72entrophy,0
bigbug69,0
law-talkin-guy,0
chronicynic,0
Geekusrex42,0
go_gurt,1
MikeFightsBears,0
penguin_trooper,0
theczarman,0
Madrigore,0
BenjyKenobi,0
BlNKY,0
Bentspoon17,0
Aeverey,0
girlaboutoaktown,1
stikko,0
blaghart,0
PeppermintFingerbang,1
polypolyman,0
TheSwedishPolarBear,0
LegitAnswers,0
Valdres332,0
MistletoeAlert,1
Ashley_Moon260,1
ExtraLucky13,0
TheWindyCity,0
CalBearFan,0
FrankLampardCFC,0
pizzatalk,1
Vaelerie,1
REPT4Rx23,1
Bluelegs,0
PheonixManrod,0
built_internet_tough,0
itssexitime,0
Dr_Freeman_,0
AngelMeatPie,1
peanutbutterhusband,0
microwavepizza,1
luchadorman,0
AceLogic27,1
Hatguy115,0
Sir_Dude,0
Vossero,0
PokesHoleInCondoms,0
pwn_star,0
Ashesela,1
mgpcoe,0
Fire_Forget,0
hossalicious,0
fireball2020,0
omnydevotchka,1
legfeg,0
DevilGuy,0
Daybreak_Comet,1
stracted,0
enigmaurora,1
GreatOdlnsRaven,0
birdman12468,0
Wormhog,1
scrumpie084,1
hiimrick,0
fizolof,0
hipster11kitty,1
FreyjaSunshine,1
corranhorn57,0
watermelonpaws,0
ProMars,0
TheTrueRang,0
KingOfNipples69,0
DeepSlicedBacon,0
this_is_psuedoname,1
gingersluck,0
GnuRip,0
codeodd,0
BoBab,0
RodzillaPT,0
noseonarug17,0
glitterandpolitics,1
syedzul,0
ichigo2862,0
cocaineandcigarettes,1
Flowerycupcake,1
danniemcq,0
thumbtacker,0
Volcanopyre,0
Minifig81,0
shaxgolgotha,0
Frankly_George,0
naxter48,0
RileyMeow,1
bluebirdday,1
ChrisH117,0
SultanOfSandviches,0
half-blonde-princess,1
foolishcunt,0
blaxk,0
Dude_Im_Godly,0
luckytwentytwo,1
teh_bakedpotato,0
lssrules787,0
UnicornManlyTears,0
Manganimal,0
ryandel,0
GenerallyButtNaked,0
chemchick27,1
little-nymphet,1
shakra81,0
directive0,0
monkeyhihi,0
HaroldRoux,0
calzenn,0
LadySkullduggery,1
Razz03,0
hugecatfish,0
jjness,0
Liberalguy123,0
bwheat,0
reality_beast,0
juped,0
Fridayfunzo,0
prencey,0
certainLee_uncertain,1
lamponlamp,0
LupusLaganum,1
weavile22,0
HiddenRadish,0
cognitivezombie,0
SilverRacoon,1
Queso2469,0
youngavlol,0
Sleazyridr,0
Witty__Username,0
Mr_Diggums,0
Daiteach,0
tobobo,0
HisKonstantine,1
meal_in_a_glass,0
theJalden,0
proclivity4passivity,1
outcast151,0
Parksy79,0
Jedi_Mind_Tricks,0
palepuss,1
dodadoBoxcarWilly,0
abadaxx,0
laserdr,0
godrim,0
pompeii1009,1
tdvx,0
Badankadank01,0
IAmBadWithComputers,0
johnny-faux,0
Mygarik,0
ADF01FALKEN,0
edisraw1,0
reinventingmyself,0
Aaron565,0
gingerkid1234,0
PRETTY_MOTHERFUCKA,0
Fiannaidhe,0
unrapper,0
hisherry,0
mahm,1
Lokidude,0
ForGlory99,0
aggieboy12,0
Stabilo86,0
brooklynel,1
Blazlyn,0
1234ape,0
starmz123,1
the_arcatan,0
tossawaytwentytwo,1
cudtastic,0
OriginalStomper,0
piezod,0
RedPeril,1
Yugios,0
ballsdeepJDK,0
JimmyBoombox,0
DaveTheRoper,0
Starwhisperer,1
bjornkrage,0
Doiteain,0
p3nguiner,0
Xaeres,0
Riguy64,0
Avistew,1
skulka,0
LFSM,1
battaglion,0
LFCMick,0
hekabous,1
BlindSoothsprayer,0
digitalrain,0
TOHCskin,0
blueberry_nutsack,0
GhostsofDogma,1
f4t4bb0t,0
sprokolopolis,0
incinr8,0
Futurecat3001,0
KamikazeRusher,0
k1ngm1nu5,1
BOLDAT,0
stussybear,0
Fiarwire,0
egleason,0
J_Mallory,0
justastrangerhere,1
TheLegitMidgit,0
chapinha,0
Mackonan,0
N7RN,1
kelticslob,0
averag3j03,0
WideFoot,0
sh1nobii,1
SleepIs4DaWeak,0
imnotminkus,0
Enex,0
Glennsguitar,0
Siddicus,0
xeddier,0
prive8,0
unone1216,0
WorldsWorstMan,0
icanseejew2,0
iKill_eu,0
cryss12,1
mastahblastah,0
ExBABYYy,0
noreyfinephrine,1
ricankng787,0
searlicus,0
SenatorTentacles,0
usuckballs,0
ADamnChink,0
ddyyllaann,0
Paulmega,0
godot-3000,0
rizenfrmtheashes,0
loanwolf,0
darkestsideofthemoon,0
bluefootedboob,1
ambrit56,1
lsirius,1
powerboy20,0
kelakall,0
eolithic_frustum,0
NordicLion,0
OmniaMors,0
DexterMcSnuggles,0
azivo,0
gargolito,0
skoomaki,0
sworebytheprecious,1
Crow_jane44,1
HyTex,0
sierramaster,0
Dr_Explosion,0
StuHardy,0
Zaiton,0
kenyafeelme,1
missmaia,1
gropswosh,0
ebonycurtains,1
Carter52,0
pouncer11,0
zekran,0
the_guapo,0
weaselbeef,1
3DGrunge,0
MMXIIORBUST,0
PerrierAndSaltines,1
eoJ1,0
Leaffar,0
morenax,1
mjbatt,0
ArtichokeOwl,1
JK_tROWLING,0
Ricepudding94,0
bytesunfish,0
ShepPawnch,0
Harasoluka,0
littlecomet,1
Quillo_Manar,0
clydeefrawg,0
Karma-Koala,0
CHEtheKONG,0
Nickiskindacool,0
Euloque,0
TimJonesin,0
d34dkn16h7,0
Hollie_London,1
ventuckyspaz,0
InsideoutCat,0
Manlyarmpits,0
JAWJAWBINX,0
JWebbIsSoiLL,0
MondoMcNubb,0
MorbidMoose,0
FiskeFinne,0
deadpansnarker,0
TheOneTrueBacon,0
CowardlyDodge,0
los_dugong,0
Fimbultyr,0
CollegeMascot,1
Chaos_Spear,0
gouldfish,1
giantlegume,1
DameJudyDorian,0
hitokiribattosai28,0
JerMenKoO,0
Hydroelectric_dam,1
Jabadaba,0
Mrs_Nakker,1
valdor19,0
Benlarge1,0
ThisVersionOfMyself,0
sandrock118,0
ApolloX-2,0
davinox,0
IfImLateDontWait,0
ziezie,1
TwistedChi,0
Helicase21,0
babiesonacid,1
akkristen,1
PopPunkAndPizza,0
Dizzy_Pop,0
cblaines,0
chanaynay,0
handsomeprince,0
PickledPenguinPossum,1
satanpuppet,1
11235813__,0
Revonottelevised,0
zeert,1
partialinsanity,0
LeBatEnRouge,1
pressthebuttonfrank,0
EllieMental,1
MANGBAT,0
glabmaster,0
kingrobert,0
stropes,1
BigBird90,0
mmmsoap,1
Bowden99,0
ProfessorZoom,0
ventricles,1
moosepuggle,1
Kendarlington,1
phools,0
mewfahsah,0
spinningsea,1
Liz_Is_My_Fuckbuddy,0
capseaslug,0
jjlegospidey,0
SpecialSharpie1230,0
jessipfalzgraff,1
Mobile_hobo,1
thedogsbreakfast,1
KidVicious13,0
Sora96,0
justined0414,1
Chicken_Wing,0
benso87,0
Pit_Sweat,0
tawtle,1
prettyorganic,1
Nu5ZCa,0
KidCasey,0
AlexTheGiant,0
CrazyPlato,0
Nedarth,0
mitchupthere,0
pause566,1
silvinci,0
sarahdiddle,1
pernicat,0
addeman94,0
MRRWLN,0
fed_express93,0
sara5263,1
link090909,0
distinguished-gent,0
Jagganatha,0
eissirk,1
Absterlec,0
kmartell214,0
Anjeer,0
ItsBrainyDownUnder,1
_bookworm,1
TankerJO3,0
kiakitty,1
Weavemesilly,0
burp0,0
just1moreexperiment,1
ezekielziggy,0
Thadenvy,0
Frito_Pendejo,0
throw-away-today,1
blackpantswhitesocks,0
G_Platypus,0
jangley,0
killroy1971,0
rocketwrench,0
lavandris,0
chrs_1979,0
a1ex1985,1
EODOperative,0
Jes7r,0
originalmaja,1
Zombawesome,0
bmanbud,0
aafroking,0
sillyribbit,1
the1stavenger,0
geegehumina,1
Talonek,0
dinkmeeker1,0
Shelena84,1
ComradeGlucklovich,0
nevertoo,1
AskMeAboutMyKnob,0
Reddit_SuckLeperCock,0
mrsentinal,0
Sekiii,0
timsstuff,0
LemilyNose,1
rnorberg1,0
InvadingCanadian,0
Hariaka,0
ManicOwl,1
Keepforgetingmyname,0
gutierriggs,0
doc_birdman,0
Prof_X,0
Goldcock,0
Erestyn,0
eighthgear,0
Kathinkalinka,1
thebeattakesme,1
BeeInWonderland,1
jtroeh00,1
BretMichaelsWig,0
haziee,0
wavecycle,0
excursionmoney,0
dramatik_geek,1
iamleighanne,1
digisplicer,0
gtmech,0
my_Favorite_post,1
TapDancinJesus,0
Korinai,0
guy-milshtain,0
B68B,0
sv21js,1
AskMeIfImATree,1
julienheadley,0
megalurkeruygcxrtgbn,0
CaptainOfCats,0
FTFYcent,0
sublimesinister,0
repofhammyland,1
WaltimusPrime,0
besna,0
LeeTaeRyeo,0
easterneuropeanstyle,0
thenewunkindness,1
fancymoko,0
Upboat_Randomly,0
CynicBound,0
Drakenel342,0
aidrocsid,0
knopper-whopper,0
petethehuman,0
vaginalwerewolves,1
TheSunAlsoRises,0
YoureNotAGenius,1
GaryOak24,0
redsezz,1
beatlesbible,0
ariden,1
spectacular,1
LeavingAbigail,0
tylerbird,0
brokendimension,0
metroidfan220,0
jilliancad,1
EvanYork,0
rinser86,0
r3v,0
Fluteless,1
Jack_Vermicelli,0
Zagers,0
omnicool,0
hazzleby,1
that_guy_ronald,0
Ninja_Please117,0
Workin4Honda,0
Sch1308,0
Apple_Snob,0
keepthetip,0
Hockey_is_Life,0
laefil,1
eggilicious,0
monty2,0
recycledpaper,1
8Cowboy,0
Bullseye4hire,0
zon1,1
quincym,0
TallRedditor,0
sigtrap,0
YourVeryFlesh,1
kochichka,1
Weloq,0
shinzzle,0
hildemor,1
Kelderm2,0
cakewedge,1
miss_behavoyeur,1
xlightbrightx,1
risto1116,0
Goobady,0
PurelySmart,0
neverahappyending342,1
guessnot,0
hornyoctopus98,1
Robo_Fett,0
just_some_tall_bloke,0
mrpeepers74,0
clogeater,0
Querce,0
TheSmexi,0
hairykif,0
CloudedSpirit,0
Metallicadpa,0
Recondog762,0
yomammaspoodle,0
Maytris,0
listen_hooker,1
grasshopper_legs,1
Dechs,0
JustMyTwoCentsBut,1
00708070,0
capughe,1
Krillin,0
ChewyUbleck,0
lifefire940,0
oneIozz,0
Solor,0
Jess_than_three,1
GolfEnt,0
masqueradestar,1
Dleraings,1
MinistryoDarkness,0
giveintofate,1
unmistakablyme,1
Dewbi,1
infectorNZ,0
stenwolf,0
GfxJG,0
jamboree92,0
jtfl,0
Bearrison_Ford,0
winged_venus,1
tlaf91,0
unique_name,1
robotic_lemur,0
Apparently_Familliar,0
welliamwallace,0
RelaxRelapse,0
hsv0505,0
belleair,1
theCaitiff,0
SerSquishy,1
Kongo204,0
Throwm3away333,0
dirk_davidson,0
spyfer,0
emptyvee,0
reps0l,0
CaptMudkipz,0
EaglesOnPogoSticks,0
cirocco,1
sprqman,0
The_Grey_Gentlemen,0
maggieonreddit,1
lonesome_george,0
despideme,0
haleybaley,1
walladmajnoon,0
Lodekim,0
AnOrnateToilet,0
moonra_zk,0
son_of_a_ginger,0
noddingbear,0
Livesinthefuture,0
Fuchsy_baby,0
axehomeless,0
GhostDigi,0
mra8a4,0
AlizarinQ,1
rachi3,1
guywhodidthat,0
theodore_boozevelt,1
Lionflash,0
liveandletrock,0
raw420,1
Silent-G,0
The-Lifeguard,0
IntellectualThicket,1
coolmtl,0
Kac3rz,0
allenstenhaus,0
lolzana,1
576f6e64657269,0
maimai2,1
Sabrewulf27,0
Diagonaldog,0
skinnyasianthrowaway,0
kiaha,0
morebanjo,0
zot13,0
MasterPolka,0
jonesybear,0
PhiladelphiaCollins6,0
FreeYeti,0
Tibberly,1
mazloko,0
InkBlood,0
futilitycloset,1
contactstaff,0
iamlionheart,0
Tannekr,0
dsnit28,0
Whipa,0
ProperSauce,0
maximumoverbite,1
Super_Midget,0
ThatAwkwardBiscuit,1
OreCal,0
nebious,0
Nashy19,0
Kamacazi,0
Park425,0
heycupcakes,1
atteleen,1
Rosydoodles,1
HolyHipHop_TJ,1
Monofu,0
TheCulpMan,0
SansGray,0
arsenics,0
skippydudeah,0
carrot_house,0
OmgLookitTehPictures,1
bosoxphanatic,0
Pennwisedom,0
sp00nzhx,0
Wylonis,0
Pybro5ever,0
Gatord35,1
beeeees,1
c74r3byw,1
HarryPalmsBlueBalls,0
rkh00,0
Digitalhobo,0
Slaugh,0
cloakwandstone,1
sevenam,0
Oldini,0
xvitons,0
stower,0
SerpentineBaboo,0
SammiKC,1
sirtoonces,0
sfogle54,0
BIOHAZARDB10,0
sentient66,1
MeowwwMaster,1
ohmygodbeckylook,1
Toaster95,0
DarkGamer,0
Paladin8,0
Stevenator1,0
nat_the_fine,0
SIBERIAN_DICK_WOLF,0
Anniebanannimock2,1
Indifference11,0
PotatoPolice,0
Exedous,0
Shock_Value,0
jewishjihad,0
shoryukenist,0
zzrr,0
UlgraTheTerrible,1
arodhowe,0
treebees,1
Lauren36,1
another420username,0
slitherdolly,1
alchemist5,0
5thKeetle,0
stRanger2396,1
mattyb712,0
killerkathy,1
wooq,0
SEJIBAQUI,0
eigenlaut,0
GideoVames,0
marcos509,0
Baconbursa,0
rainbowdays,1
ASAP_LEO,0
Daniel123654,0
Hitech_hillbilly,0
theosguy,0
-evasian,0
indiecore,0
Rem_Rey,0
Laurence_of_aLabia,0
b00tler,1
Yayzeus,0
John-Phung,1
zottz,1
Greghundred,0
weekendoffender,1
Herpes_hurricane,0
db2765,0
namkash,0
Hollyannlang94,1
communistslutblossom,1
turtleownage,1
Fortyjordy,0
YourGFsFave,0
Free_From_Reddit,0
blackanus,0
amazingbob123,0
Lionflower13,1
FarArdenlol,0
nobledoor,1
katemf,1
kittenpantzen,1
awh,0
Slothy22,0
electrichearts,0
tallcookie,1
snugglemonster2013,1
brokenhyoid,1
Orange134,0
the_intelligentsia,0
mrconty,0
skocznymroczny,0
gravesville,0
cupcakezzzz,1
Detective_Sweaters,1
cheerbearsmiles,1
bulborb,1
Ron-_-Burgundy,0
crankenfurter,0
LadyBiscuit,1
Sp00n_Boat,0
billmurraysboner,1
aarchaput,0
iwantauniqueusername,0
iPunchOverees,1
mooseman72,0
goodbyes,0
rollowz,0
Porksta,0
Gnardozer,0
ArthurVeins,0
FlyingLizardGT3,0
cboglesby,0
Cilvaa,0
Dubslutt,1
ThanksForAllTheCats,1
white_crust_delivery,1
murderous_rage,0
JohnRiver,0
BenPink,1
jangell,0
karanj,0
Trilliumgurl,1
Pogglewoggle,1
Le-derp2,0
rockybond,0
kappanjoe,0
Apex_Predator_,0
OvandoFTW,0
Mega_pooh_bear,0
Jinzo64,0
DaftAdvocate,0
smarteepantz,1
BradPower7,0
TheToastofBotswana,1
UncannyRogue,1
JCO_25,0
TheNakedPhilosohper,0
hmmorly,0
Chinstrap6,1
UndeadGentleman,0
PandaSooner,1
maecheneb,1
manticore116,0
Doebino,0
Looking4Fantasy,1
SpartaWillBurn,0
sunsetsandnicotine,1
ConfirmingBanana,0
philyd94,0
zainab1900,1
Chlorure,1
RulerOfPotatos,0
jpsthrow,0
lascalaveras,1
AnalogPopcorn,0
sinn98,0
Paislylaisly,1
Bugloaf,0
Thegirlonfire5,1
Captain_America619,0
manahoy,0
vincent21212,0
bigmacur,0
onmyhonor,1
RussetWolf,1
eronanke,1
antsonmyscreen,1
anti_skub,0
madeaccountwhilehigh,0
buzzti86,0
MrOtsKrad,0
InspirationNeeded,1
keepforward,1
bslow22,0
jdtix,0
allwordsaredust,1
yomamaisallama,1
ChibiOne,1
The_Ebb_and_Flow,0
ReasonReader,0
Lazerkilt,0
ThatGuyThatSaysMeh,0
TheWashyJosh,0
HelloHurricane801,1
Weirdsauce,0
Not_really_Spartacus,0
jeroen1322,0
silferkanto,0
unfickwuthable,0
Fusilero,0
Wapook,0
omgplzstfu,1
sexandliquor,0
Yttriumz,0
HellbillyDeluxe,0
monnarc,1
Blonde_Calculator,1
BadW01fRose,1
stingreyy,0
ShoelacePi,0
fargo15,1
adtaylor,1
B3NLADI4,0
Brandonsfl,0
Moon_Rak3r,0
avgotts,0
Venne1138,0
JayGoat,0
heymissmolly,1
Geartone,0
TheSharpestTool,0
tallguy744,0
illaqueable,0
lilacfortress,1
Ynfiniti8,0
mpcuniverse,0
LonleyViolist,1
sigma932,0
Spockrocket,0
Varryl,0
ClitOrMiss,1
allyoucanteat,0
CanadianHoser,0
kay_bizzle,0
Silly_little_pet,0
all_we_need_is_us,1
Peeps_Perps_Pervs,0
Keepa1,0
marcm6246,0
Shpadoinkles,0
loafmcloaf,0
DJLurker,0
frogflavored,1
mister_mental,0
doberman9,0
BlinginLike3p0,0
MistaTom,0
mirthquake,0
ElCidVargas,0
lady_cardamom,1
disquietude,1
amhaque13,0
IAmNotAPerson6,0
Sherae,1
guyontheend,0
tryingtoworkoutmylif,0
beanbagbabie,1
Joannaleigh,1
s32,0
Falumpul,0
thaleslink,0
fiveifrenzy6,0
chelseasmile2121,1
hammayolettuce,1
franticcat,1
TheAllbrother,0
NotBacon,0
peacefinder,0
DirtMaster3000,0
apocryphite,0
unwashedRat,0
ChronicElectronic,0
IsaacAccount,0
racistsfuckoff,1
trillyntruly,0
_minouche,1
Cxplorer,0
Faygoman,0
hatefulbastard666,0
KTY_,0
vinnycogs820,0
the_hamsterman,0
La_chevre_qui_rit,1
bickman2k,0
MeetMeIn221B,0
slwrthnu,0
wafflesquares,1
jws_shadotak,0
Zeeker,0
Joest23,0
erinhasguts,1
Carcul,1
twelvis,0
Picogiant,0
illiterate-,1
NixxieKnocks,1
ill_advised_,0
largebreastedgiraffe,1
xAFBx,0
RoddyBoy999,0
shadowsnstuff,0
tashananana,1
14Gigaparsecs,0
AdamDe27,0
sissy_space_yak,1
lilgump,0
Hypo_kazoos,1
Nostalien,0
